,experiment,plate,channel,mean,std,min,max
0,HEPG2-01,1,1,39.467010981076726,35.980053289639834,2.0,255.0
1,HEPG2-01,1,2,26.966026268996202,14.209967291045265,2.0,255.0
2,HEPG2-01,1,3,35.90841215307062,19.91958157688636,2.0,255.0
3,HEPG2-01,1,4,41.15261697149896,20.841356174545705,3.0,255.0
4,HEPG2-01,1,5,43.43916626100416,29.766635522231567,1.0,255.0
5,HEPG2-01,1,6,31.482806441071745,16.26607917173154,3.0,255.0
6,HEPG2-01,2,1,34.896736008780344,32.897902541693256,2.0,255.0
7,HEPG2-01,2,2,25.662791307870442,13.837439668735355,2.0,255.0
8,HEPG2-01,2,3,32.490000254148015,18.669981841043295,2.0,255.0
9,HEPG2-01,2,4,38.3932019766275,20.455234039456244,3.0,255.0
10,HEPG2-01,2,5,41.516132137992166,29.36906607975551,1.0,255.0
11,HEPG2-01,2,6,30.3714879890541,16.135811648109723,3.0,255.0
12,HEPG2-01,3,1,37.14479840885509,34.93482337825572,2.0,255.0
13,HEPG2-01,3,2,26.170366751683222,14.177432278626217,2.0,255.0
14,HEPG2-01,3,3,33.190298290995806,18.523704188461412,2.0,255.0
15,HEPG2-01,3,4,39.24482349296669,20.270211540238737,3.0,255.0
16,HEPG2-01,3,5,45.196445081141086,30.721323660639072,1.0,255.0
17,HEPG2-01,3,6,29.594247031521487,15.425472344816137,3.0,255.0
18,HEPG2-01,4,1,40.28315542270611,36.24685421479793,3.0,255.0
19,HEPG2-01,4,2,26.800610610416957,13.865989881814759,2.0,255.0
20,HEPG2-01,4,3,37.3066318809212,20.445256897746678,3.0,255.0
21,HEPG2-01,4,4,41.26571434194391,20.62129756078505,3.0,255.0
22,HEPG2-01,4,5,45.710623778306044,30.452161664749852,1.0,255.0
23,HEPG2-01,4,6,31.76886886126035,16.256851859916182,3.0,255.0
24,HEPG2-02,1,1,30.999754812810327,33.258454936213674,2.0,255.0
25,HEPG2-02,1,2,26.97359087560084,16.774896950846063,2.0,255.0
26,HEPG2-02,1,3,27.79570030237173,17.03787943736638,3.0,255.0
27,HEPG2-02,1,4,45.09265876745249,28.62442506918813,3.0,255.0
28,HEPG2-02,1,5,30.29325802295239,23.824097724125902,2.0,255.0
29,HEPG2-02,1,6,31.191093760651427,18.236884896277296,4.0,255.0
30,HEPG2-02,2,1,33.627107044319054,35.91375826913213,2.0,255.0
31,HEPG2-02,2,2,27.371779454218878,17.19193073488202,2.0,255.0
32,HEPG2-02,2,3,28.70230739147632,17.689925299515203,2.0,255.0
33,HEPG2-02,2,4,46.55471498315985,29.448766552068136,3.0,255.0
34,HEPG2-02,2,5,29.197156076307422,23.16929306112173,1.0,255.0
35,HEPG2-02,2,6,30.303904725359633,18.032573892053517,2.0,255.0
36,HEPG2-02,3,1,35.03052920799751,36.44737424208928,2.0,255.0
37,HEPG2-02,3,2,26.927955101062725,16.348854304860343,2.0,255.0
38,HEPG2-02,3,3,30.775943787066968,18.416096691830333,2.0,255.0
39,HEPG2-02,3,4,46.10442333097582,27.884458865520994,3.0,255.0
40,HEPG2-02,3,5,33.79101480137218,25.33499156091625,1.0,255.0
41,HEPG2-02,3,6,30.751256979905165,17.618778164600695,3.0,255.0
42,HEPG2-02,4,1,33.96289902848083,34.20685188966033,2.0,255.0
43,HEPG2-02,4,2,27.242089531638406,15.771178162914499,2.0,255.0
44,HEPG2-02,4,3,31.055237132233458,17.64915465668114,2.0,255.0
45,HEPG2-02,4,4,46.29194895013586,27.021997306046007,3.0,255.0
46,HEPG2-02,4,5,36.72633830603067,26.38303768100687,1.0,255.0
47,HEPG2-02,4,6,32.330211212108665,17.490345349819883,3.0,255.0
48,HEPG2-03,1,1,13.207907125547335,19.507076378798782,2.0,255.0
49,HEPG2-03,1,2,12.94978989563979,11.87592178747446,2.0,255.0
50,HEPG2-03,1,3,10.207021137336632,6.782686282424684,2.0,255.0
51,HEPG2-03,1,4,18.173615721913126,15.852145456922182,3.0,255.0
52,HEPG2-03,1,5,4.06816240409752,4.695662613421979,1.0,255.0
53,HEPG2-03,1,6,11.622623084427474,8.467762059486772,2.0,255.0
54,HEPG2-03,2,1,13.278490766302331,19.67835484483129,2.0,255.0
55,HEPG2-03,2,2,13.487857824796206,12.09885986418521,2.0,255.0
56,HEPG2-03,2,3,10.002412393495634,6.288624228570094,2.0,237.0
57,HEPG2-03,2,4,18.751958425942952,15.94268545767047,3.0,255.0
58,HEPG2-03,2,5,4.204713920494179,3.7766545823114126,1.0,255.0
59,HEPG2-03,2,6,11.305317098444158,8.137685111635681,2.0,255.0
60,HEPG2-03,3,1,12.177704309488272,17.941072425729853,2.0,255.0
61,HEPG2-03,3,2,12.624925136566162,11.376817487450952,2.0,255.0
62,HEPG2-03,3,3,10.411648428285277,6.549114511314285,2.0,240.0
63,HEPG2-03,3,4,17.355898126379238,15.0756641293818,3.0,255.0
64,HEPG2-03,3,5,4.323059478363433,3.6433817622765194,1.0,255.0
65,HEPG2-03,3,6,12.020141304313363,8.380236999131869,2.0,255.0
66,HEPG2-03,4,1,12.96851615781908,19.132314981621747,2.0,255.0
67,HEPG2-03,4,2,12.814711001012233,11.73392838190653,2.0,255.0
68,HEPG2-03,4,3,10.407375422391025,6.621345416987903,2.0,255.0
69,HEPG2-03,4,4,17.938691163991955,15.487878594176726,3.0,255.0
70,HEPG2-03,4,5,4.507609478839032,3.700187899065824,1.0,255.0
71,HEPG2-03,4,6,11.475597480674843,8.242094395279532,2.0,255.0
72,HEPG2-04,1,1,5.81710384418438,9.10448157583785,1.0,255.0
73,HEPG2-04,1,2,10.657150249976617,10.22085452682512,1.0,255.0
74,HEPG2-04,1,3,8.693408538768818,5.594158899613277,1.0,255.0
75,HEPG2-04,1,4,6.670306050932252,5.820176443989905,1.0,153.0
76,HEPG2-04,1,5,3.7916558872569692,3.6012813754457307,0.0,255.0
77,HEPG2-04,1,6,9.978114889813709,7.367173386637862,1.0,255.0
78,HEPG2-04,2,1,6.184764199442678,9.58836658245875,0.0,255.0
79,HEPG2-04,2,2,10.994195622283144,10.517266002112075,1.0,255.0
80,HEPG2-04,2,3,9.062762285207773,5.806030314127579,1.0,195.0
81,HEPG2-04,2,4,6.891903425191904,6.0084401667032665,1.0,184.0
82,HEPG2-04,2,5,3.90807039706738,3.3292008128267176,0.0,255.0
83,HEPG2-04,2,6,10.278777772730047,7.492417466467438,1.0,255.0
84,HEPG2-04,3,1,6.1210299095550145,9.572708466388733,1.0,255.0
85,HEPG2-04,3,2,10.872399385873374,10.438232827654591,1.0,255.0
86,HEPG2-04,3,3,9.679818964623786,6.079861650921711,1.0,255.0
87,HEPG2-04,3,4,6.705625001486245,5.834721371843479,1.0,196.0
88,HEPG2-04,3,5,3.7740061190221215,3.238893150090531,0.0,255.0
89,HEPG2-04,3,6,10.322669332677668,7.486063603545603,1.0,255.0
90,HEPG2-04,4,1,5.910129695743709,9.25640078949073,1.0,255.0
91,HEPG2-04,4,2,10.984603281144972,10.661275597900122,1.0,255.0
92,HEPG2-04,4,3,9.16976936761435,5.866430135169989,1.0,255.0
93,HEPG2-04,4,4,6.939510419771269,6.139090225502571,1.0,229.0
94,HEPG2-04,4,5,4.0697417878485345,3.6250201054588764,0.0,255.0
95,HEPG2-04,4,6,10.551569084068397,7.625859805918701,1.0,255.0
96,HEPG2-05,1,1,3.1043879830992065,5.4549057791173166,0.0,228.0
97,HEPG2-05,1,2,7.727623840431114,8.416709159997433,1.0,255.0
98,HEPG2-05,1,3,5.531703880855015,4.553046516851539,1.0,255.0
99,HEPG2-05,1,4,5.775121979899221,6.246017700395883,1.0,255.0
100,HEPG2-05,1,5,2.2233536645963596,2.716325018787405,0.0,255.0
101,HEPG2-05,1,6,4.570027524774725,3.7387983555539415,1.0,235.0
102,HEPG2-05,2,1,3.535033795740697,6.500004463080086,1.0,255.0
103,HEPG2-05,2,2,9.61306652465424,10.273100352443114,1.0,255.0
104,HEPG2-05,2,3,5.885611038703423,4.950189695514882,1.0,255.0
105,HEPG2-05,2,4,5.556336762069107,5.921556126085942,1.0,255.0
106,HEPG2-05,2,5,2.5681003781108114,3.1578540178027983,0.0,255.0
107,HEPG2-05,2,6,4.7867711426375745,3.9881676802584587,1.0,255.0
108,HEPG2-05,3,1,4.008655455205347,7.094506922844306,1.0,255.0
109,HEPG2-05,3,2,11.33226372359635,11.553774122557241,2.0,255.0
110,HEPG2-05,3,3,6.54383456861818,5.233112846409702,1.0,255.0
111,HEPG2-05,3,4,6.643288655714556,6.750636248988156,1.0,255.0
112,HEPG2-05,3,5,2.3575059965059353,2.746638537990166,0.0,255.0
113,HEPG2-05,3,6,5.4643852308199,4.3671215001609225,1.0,233.0
114,HEPG2-05,4,1,4.361613310776748,7.572499498807249,1.0,255.0
115,HEPG2-05,4,2,9.439417839050293,9.844574718058555,1.0,255.0
116,HEPG2-05,4,3,7.9112320255923585,6.189396775357738,1.0,255.0
117,HEPG2-05,4,4,6.202846756229153,6.398051215288152,1.0,255.0
118,HEPG2-05,4,5,2.5939022225218933,3.2001189327349846,0.0,255.0
119,HEPG2-05,4,6,5.6215411533008925,4.5439072251237755,1.0,255.0
120,HEPG2-06,1,1,7.62417374028788,10.927143162104516,1.0,255.0
121,HEPG2-06,1,2,16.313475937038273,13.589390455187274,2.0,255.0
122,HEPG2-06,1,3,11.691547369028067,7.731507941404571,1.0,255.0
123,HEPG2-06,1,4,11.306739076391443,9.31533861664549,1.0,254.0
124,HEPG2-06,1,5,4.15639269816411,4.520613154023969,0.0,255.0
125,HEPG2-06,1,6,8.945689418099143,5.977780507634586,1.0,255.0
126,HEPG2-06,2,1,5.3822659455336535,7.5824930758379505,0.0,233.0
127,HEPG2-06,2,2,13.022940196000137,11.037202948847721,2.0,255.0
128,HEPG2-06,2,3,8.371223177228655,5.708553901354959,1.0,255.0
129,HEPG2-06,2,4,10.418401637634673,8.625046558610228,1.0,255.0
130,HEPG2-06,2,5,4.222821879696537,4.6583390643548315,0.0,255.0
131,HEPG2-06,2,6,7.261492314276757,4.870550275627446,1.0,255.0
132,HEPG2-06,3,1,6.882941450391497,9.753982079004384,1.0,255.0
133,HEPG2-06,3,2,17.878158042957256,15.107428519345538,2.0,255.0
134,HEPG2-06,3,3,9.58564500684862,6.58334099089866,1.0,255.0
135,HEPG2-06,3,4,11.272377540538837,9.366611362919661,1.0,253.0
136,HEPG2-06,3,5,4.790826865604946,5.12186515178714,0.0,255.0
137,HEPG2-06,3,6,8.454454979339204,5.735995154649785,1.0,255.0
138,HEPG2-06,4,1,7.064346053383567,10.17849658942014,1.0,255.0
139,HEPG2-06,4,2,15.348289136762743,13.149390232972275,2.0,255.0
140,HEPG2-06,4,3,11.616245313124223,8.222958427846192,1.0,255.0
141,HEPG2-06,4,4,10.662095280436727,8.98081385998339,1.0,255.0
142,HEPG2-06,4,5,4.435054314600957,5.861706072998296,0.0,255.0
143,HEPG2-06,4,6,8.723172968084162,6.222661137021352,1.0,255.0
144,HEPG2-07,1,1,4.513957147474413,6.243485874745694,0.0,210.0
145,HEPG2-07,1,2,14.984662297484162,12.11866358884197,1.0,255.0
146,HEPG2-07,1,3,6.529771730497286,3.7826483625933505,1.0,255.0
147,HEPG2-07,1,4,7.761796876981661,5.992458423407477,1.0,168.0
148,HEPG2-07,1,5,4.037135427648371,3.6249391868027683,0.0,255.0
149,HEPG2-07,1,6,6.076272846816422,3.590445123686906,1.0,255.0
150,HEPG2-07,2,1,3.3319774963180095,4.669688733837135,0.0,221.0
151,HEPG2-07,2,2,12.816946936740937,10.632225287458057,1.0,255.0
152,HEPG2-07,2,3,5.886702466088708,3.5325609968885407,1.0,255.0
153,HEPG2-07,2,4,7.188987228691772,5.648181831205191,1.0,153.0
154,HEPG2-07,2,5,4.026286221482467,4.04014508496529,0.0,255.0
155,HEPG2-07,2,6,5.162528370413019,3.1109566859689415,1.0,255.0
156,HEPG2-07,3,1,4.446783053410518,6.7303412741237585,0.0,247.0
157,HEPG2-07,3,2,12.899789512931527,11.275549896430128,1.0,255.0
158,HEPG2-07,3,3,6.188672703581971,3.8200425014252772,1.0,255.0
159,HEPG2-07,3,4,7.409594244771189,6.105478161123845,1.0,188.0
160,HEPG2-07,3,5,3.9098983182535543,3.7049192006389577,0.0,255.0
161,HEPG2-07,3,6,5.286953306817389,3.259004329868576,1.0,255.0
162,HEPG2-07,4,1,4.199395822779752,5.995176701139769,0.0,223.0
163,HEPG2-07,4,2,12.229720634435598,10.17956219362866,1.0,255.0
164,HEPG2-07,4,3,6.189542776598604,3.6791677230174646,1.0,255.0
165,HEPG2-07,4,4,7.166550011898873,5.638766818923723,1.0,188.0
166,HEPG2-07,4,5,4.3716795545447535,4.112989549045718,0.0,255.0
167,HEPG2-07,4,6,5.404947336799547,3.235339908392121,1.0,255.0
168,HEPG2-08,1,1,4.86985326742197,6.278361356020868,0.0,255.0
169,HEPG2-08,1,2,20.09984755825687,16.245923869069333,2.0,255.0
170,HEPG2-08,1,3,10.34206856690444,6.444047986853158,1.0,255.0
171,HEPG2-08,1,4,10.504104546138219,7.866233337001539,1.0,188.0
172,HEPG2-08,1,5,11.955453030474775,9.145871112565018,1.0,255.0
173,HEPG2-08,1,6,8.015587397984095,4.720707589276192,1.0,255.0
174,HEPG2-08,2,1,3.5603167484332987,4.64106468203707,0.0,126.0
175,HEPG2-08,2,2,16.097298070981903,12.730805276141334,1.0,255.0
176,HEPG2-08,2,3,10.154333133202094,6.8967333366063315,1.0,255.0
177,HEPG2-08,2,4,8.89200073712832,6.585005043268531,1.0,150.0
178,HEPG2-08,2,5,11.862308285453103,10.16911168021394,0.0,255.0
179,HEPG2-08,2,6,7.947984398185433,5.072992081507082,1.0,255.0
180,HEPG2-08,3,1,4.629037033427846,6.089163668388144,0.0,255.0
181,HEPG2-08,3,2,18.779582915368017,15.2207298974502,1.0,255.0
182,HEPG2-08,3,3,9.930605944100913,6.656211095167332,1.0,255.0
183,HEPG2-08,3,4,9.773550361781925,7.412010201677078,1.0,255.0
184,HEPG2-08,3,5,11.716720234264027,10.26094699205525,1.0,255.0
185,HEPG2-08,3,6,7.509222612752543,4.862252820537553,1.0,255.0
186,HEPG2-08,4,1,3.0632370380314633,4.085366031275839,0.0,124.0
187,HEPG2-08,4,2,14.952689248498178,11.756129653916684,1.0,255.0
188,HEPG2-08,4,3,9.132319596380675,5.7638658002347505,1.0,255.0
189,HEPG2-08,4,4,8.100798262058717,5.9352846699060535,0.0,198.0
190,HEPG2-08,4,5,9.936012230789235,7.856901957718697,0.0,255.0
191,HEPG2-08,4,6,7.011216812879333,4.305635273654894,1.0,255.0
192,HEPG2-09,1,1,2.4242374246770684,4.237638134432255,0.0,228.0
193,HEPG2-09,1,2,7.853144614727466,8.405903619184832,1.0,255.0
194,HEPG2-09,1,3,5.000837103112952,3.586824461355729,1.0,255.0
195,HEPG2-09,1,4,3.7359816068178646,3.660340157452272,1.0,253.0
196,HEPG2-09,1,5,2.9587849455994446,2.998491219997332,0.0,255.0
197,HEPG2-09,1,6,3.6444949608344537,2.4152681656517627,1.0,255.0
198,HEPG2-09,2,1,2.3466751792214136,4.472747165980817,0.0,213.0
199,HEPG2-09,2,2,7.375053436725171,8.629631466325579,1.0,255.0
200,HEPG2-09,2,3,4.805449968808658,3.8272180122135913,1.0,255.0
201,HEPG2-09,2,4,3.4950132865410346,3.788703043630211,0.0,165.0
202,HEPG2-09,2,5,3.04331129247492,3.399223032943252,0.0,255.0
203,HEPG2-09,2,6,3.465733614834872,2.5806072144296226,1.0,255.0
204,HEPG2-09,3,1,2.4289208325472744,4.5271032857642535,0.0,231.0
205,HEPG2-09,3,2,7.943348698801809,8.874707738147844,1.0,255.0
206,HEPG2-09,3,3,5.0140520194908245,3.7769024711292127,1.0,255.0
207,HEPG2-09,3,4,3.7592603448149444,3.886757651186477,1.0,159.0
208,HEPG2-09,3,5,3.070263670636462,3.346114414051357,0.0,255.0
209,HEPG2-09,3,6,3.624881886816644,2.576528923385584,1.0,255.0
210,HEPG2-09,4,1,2.229597079289424,3.928713408435187,0.0,195.0
211,HEPG2-09,4,2,7.991906302315848,8.837747113056901,1.0,255.0
212,HEPG2-09,4,3,4.927120258281757,3.5432717364058526,1.0,255.0
213,HEPG2-09,4,4,3.312391757965088,3.340638095580082,1.0,133.0
214,HEPG2-09,4,5,3.14962354263702,3.3204574667075164,0.0,255.0
215,HEPG2-09,4,6,3.5811804114998163,2.4354598710589,1.0,255.0
216,HEPG2-10,1,1,5.7854927174456705,7.6066265330636575,0.0,189.0
217,HEPG2-10,1,2,18.8656243720612,13.899360502885452,1.0,255.0
218,HEPG2-10,1,3,10.59938570740935,7.107815620758521,1.0,255.0
219,HEPG2-10,1,4,10.447678553593622,7.689937757049426,1.0,170.0
220,HEPG2-10,1,5,8.658552547553917,8.869500950509744,1.0,255.0
221,HEPG2-10,1,6,9.34876872347547,6.160483572373423,1.0,255.0
222,HEPG2-10,2,1,4.571940886509883,6.068817578752576,0.0,209.0
223,HEPG2-10,2,2,16.52227681643003,12.56830467258427,1.0,255.0
224,HEPG2-10,2,3,9.51999484099351,6.203604211193114,1.0,255.0
225,HEPG2-10,2,4,10.051563950328084,7.510731927245178,1.0,171.0
226,HEPG2-10,2,5,7.388142424744445,8.006534654070606,0.0,255.0
227,HEPG2-10,2,6,8.125825572323489,5.255084554847987,1.0,255.0
228,HEPG2-10,3,1,6.203230517251151,8.527680095426287,0.0,239.0
229,HEPG2-10,3,2,16.805121601401986,12.94672978623225,1.0,255.0
230,HEPG2-10,3,3,10.555756829001687,7.074579086152314,1.0,255.0
231,HEPG2-10,3,4,10.5516191581627,8.02931093795331,1.0,238.0
232,HEPG2-10,3,5,8.289651554900331,8.827177972566922,0.0,255.0
233,HEPG2-10,3,6,8.748925469138406,5.825450516004114,1.0,255.0
234,HEPG2-10,4,1,5.545609746660505,7.493743033464544,0.0,240.0
235,HEPG2-10,4,2,15.339143245251147,11.752740438554563,1.0,255.0
236,HEPG2-10,4,3,10.440089083337165,7.264883061030982,1.0,255.0
237,HEPG2-10,4,4,9.752576270660796,7.630524111790643,1.0,229.0
238,HEPG2-10,4,5,9.391958608255758,9.524199768719237,0.0,255.0
239,HEPG2-10,4,6,8.6963338666148,6.095277548052871,1.0,234.0
240,HEPG2-11,1,1,4.809320524141386,6.699038943362498,0.0,216.0
241,HEPG2-11,1,2,17.422763186615782,13.534055555486916,2.0,255.0
242,HEPG2-11,1,3,10.219540880872058,6.173410072054758,1.0,255.0
243,HEPG2-11,1,4,8.362193553478686,6.0650230570884425,1.0,155.0
244,HEPG2-11,1,5,8.276374915977577,7.420483244080862,1.0,255.0
245,HEPG2-11,1,6,7.994975201495282,4.644899840929661,1.0,255.0
246,HEPG2-11,2,1,3.739795380384215,5.2831329703647105,0.0,236.0
247,HEPG2-11,2,2,15.31299033149446,12.307061755592715,1.0,255.0
248,HEPG2-11,2,3,9.571883763863132,5.984099226627296,1.0,255.0
249,HEPG2-11,2,4,8.167536514978067,6.157238306621164,1.0,149.0
250,HEPG2-11,2,5,8.324761238470916,7.783074354519481,1.0,255.0
251,HEPG2-11,2,6,7.270276085173268,4.404423066663569,1.0,255.0
252,HEPG2-11,3,1,5.149457900555102,7.526102888505648,0.0,249.0
253,HEPG2-11,3,2,15.964907831959911,12.954026938565773,1.0,255.0
254,HEPG2-11,3,3,10.144994141219499,6.424116256438325,1.0,255.0
255,HEPG2-11,3,4,8.789467328554624,6.690209334915265,1.0,188.0
256,HEPG2-11,3,5,8.026514641650312,7.962141118032798,0.0,255.0
257,HEPG2-11,3,6,7.64082687551325,4.732317081537496,1.0,255.0
258,HEPG2-11,4,1,4.371458637597895,6.347661359163696,0.0,232.0
259,HEPG2-11,4,2,14.130025776667393,11.398412900773703,1.0,255.0
260,HEPG2-11,4,3,9.666313134109547,6.082096416780524,1.0,255.0
261,HEPG2-11,4,4,7.692177663796888,5.779885543207681,1.0,217.0
262,HEPG2-11,4,5,8.426318606646907,8.147727476805606,1.0,255.0
263,HEPG2-11,4,6,7.22391834942448,4.351363363721073,1.0,255.0
264,HUVEC-01,1,1,3.8371250908096117,5.87568581972901,0.0,255.0
265,HUVEC-01,1,2,19.300214278233515,17.34758482093498,3.0,255.0
266,HUVEC-01,1,3,9.737962227363091,5.351825638885173,1.0,255.0
267,HUVEC-01,1,4,10.271586752557136,8.993734954680297,1.0,255.0
268,HUVEC-01,1,5,2.410874180979543,2.824307964458739,0.0,255.0
269,HUVEC-01,1,6,11.492211087957605,6.6766053273102886,1.0,255.0
270,HUVEC-01,2,1,4.3786445530978115,6.698356945152763,1.0,255.0
271,HUVEC-01,2,2,21.486112204464998,19.692019700583355,3.0,255.0
272,HUVEC-01,2,3,10.74588513683963,6.2442045728682025,1.0,255.0
273,HUVEC-01,2,4,11.528601089081207,10.36822976851322,2.0,255.0
274,HUVEC-01,2,5,2.440752196621585,2.8591781893950525,0.0,255.0
275,HUVEC-01,2,6,13.21886379068548,7.960792662094001,2.0,255.0
276,HUVEC-01,3,1,4.313632395360377,6.4177645649973485,1.0,255.0
277,HUVEC-01,3,2,20.112819448694005,17.77158893854009,3.0,255.0
278,HUVEC-01,3,3,10.656059153668291,5.8710049085800184,1.0,255.0
279,HUVEC-01,3,4,10.758998486902806,9.270783492919632,1.0,255.0
280,HUVEC-01,3,5,2.224620224593522,2.3570682866066908,0.0,255.0
281,HUVEC-01,3,6,12.292420746444108,7.054787852132883,2.0,255.0
282,HUVEC-01,4,1,3.963549954550607,6.027563000569383,1.0,255.0
283,HUVEC-01,4,2,18.92576214555022,16.204984096334037,3.0,255.0
284,HUVEC-01,4,3,9.79410155407794,5.04621790044354,1.0,255.0
285,HUVEC-01,4,4,10.07249168916182,8.357155434424293,1.0,255.0
286,HUVEC-01,4,5,2.230702883237368,2.338251601794103,0.0,255.0
287,HUVEC-01,4,6,11.541261412880637,6.125830045085511,2.0,255.0
288,HUVEC-02,1,1,4.336444650377546,6.9808622967592395,1.0,255.0
289,HUVEC-02,1,2,19.46268250106217,15.748214205079499,2.0,255.0
290,HUVEC-02,1,3,9.090879954300918,4.710688707118396,1.0,255.0
291,HUVEC-02,1,4,10.286841838390796,8.210489033229653,1.0,255.0
292,HUVEC-02,1,5,2.34496072670082,2.6583587522038683,0.0,255.0
293,HUVEC-02,1,6,11.728804105288022,6.041793016853616,2.0,255.0
294,HUVEC-02,2,1,4.597295247115098,7.447215098736356,1.0,255.0
295,HUVEC-02,2,2,22.092180468819357,18.842825822271898,4.0,255.0
296,HUVEC-02,2,3,7.669599725054456,4.544693343950852,1.0,255.0
297,HUVEC-02,2,4,11.508910773636458,9.742285873721976,2.0,255.0
298,HUVEC-02,2,5,2.556929483042135,3.0728999614845347,0.0,255.0
299,HUVEC-02,2,6,10.05845813627367,5.5952099280942305,1.0,255.0
300,HUVEC-02,3,1,4.065073000920283,6.697382629399617,1.0,255.0
301,HUVEC-02,3,2,19.077936494505252,16.4297180006556,3.0,255.0
302,HUVEC-02,3,3,8.590095482863388,5.109272295737204,1.0,255.0
303,HUVEC-02,3,4,9.921423874892197,8.449722098770296,1.0,255.0
304,HUVEC-02,3,5,2.1478562726602926,2.9879825673857687,0.0,255.0
305,HUVEC-02,3,6,10.652608376044732,6.029894898802464,2.0,255.0
306,HUVEC-02,4,1,4.794724260057722,7.833225753632483,1.0,255.0
307,HUVEC-02,4,2,22.578240518446094,19.009608412490078,4.0,255.0
308,HUVEC-02,4,3,10.240861106228518,5.657037607137343,1.0,255.0
309,HUVEC-02,4,4,11.761161791813837,9.874758266300327,2.0,255.0
310,HUVEC-02,4,5,2.722129945631151,3.784277233585486,0.0,255.0
311,HUVEC-02,4,6,12.935086429893197,7.161972328157278,2.0,255.0
312,HUVEC-03,1,1,4.921096368269487,7.422530369755239,1.0,255.0
313,HUVEC-03,1,2,17.242975005855808,14.95784670761621,2.0,255.0
314,HUVEC-03,1,3,10.020358252834964,4.315445123444609,1.0,255.0
315,HUVEC-03,1,4,9.200870272401092,7.442837000824504,1.0,255.0
316,HUVEC-03,1,5,2.7383036613464355,2.6589019705063914,0.0,255.0
317,HUVEC-03,1,6,11.98206681090516,5.5738061997505515,2.0,255.0
318,HUVEC-03,2,1,4.3517364836358405,6.889448151899178,1.0,255.0
319,HUVEC-03,2,2,16.112547143713222,14.284875864299387,2.0,255.0
320,HUVEC-03,2,3,9.209223412848138,4.544853247926778,1.0,255.0
321,HUVEC-03,2,4,8.536495444062469,7.112960769125429,1.0,253.0
322,HUVEC-03,2,5,2.4152750597371684,2.375498384023625,0.0,255.0
323,HUVEC-03,2,6,10.831484255852637,5.547885564566137,2.0,255.0
324,HUVEC-03,3,1,4.55154444954612,7.080525788830911,0.0,255.0
325,HUVEC-03,3,2,17.35183060633672,15.1809689872649,2.0,255.0
326,HUVEC-03,3,3,10.13299558689068,4.528517147361535,1.0,255.0
327,HUVEC-03,3,4,9.245967400538458,7.643512574456343,1.0,255.0
328,HUVEC-03,3,5,2.81144025109031,2.7159551609557133,0.0,255.0
329,HUVEC-03,3,6,12.504106218164617,6.131836357772545,2.0,255.0
330,HUVEC-03,4,1,4.271315395057975,6.733855739190459,1.0,255.0
331,HUVEC-03,4,2,15.855782001049487,14.032264563492035,2.0,255.0
332,HUVEC-03,4,3,8.97719856980559,4.33245733740634,1.0,255.0
333,HUVEC-03,4,4,8.374137773142232,6.965931749385478,1.0,255.0
334,HUVEC-03,4,5,2.772387814212155,3.3077466251268137,0.0,255.0
335,HUVEC-03,4,6,10.284776675236689,5.1495641041208495,2.0,255.0
336,HUVEC-04,1,1,4.393738598018498,7.099004673374489,1.0,255.0
337,HUVEC-04,1,2,18.44091997518168,16.25385894100107,2.0,255.0
338,HUVEC-04,1,3,8.53014136599256,4.3695145659596974,1.0,255.0
339,HUVEC-04,1,4,9.552152887567297,8.10061099256363,1.0,255.0
340,HUVEC-04,1,5,2.3350402472855207,2.325187295256258,0.0,255.0
341,HUVEC-04,1,6,10.644359371878885,5.838383201018731,1.0,255.0
342,HUVEC-04,2,1,4.546326631075376,7.314826869666665,1.0,255.0
343,HUVEC-04,2,2,19.610049371595508,17.121216033147775,3.0,255.0
344,HUVEC-04,2,3,9.027165406710141,4.599003372341986,1.0,245.0
345,HUVEC-04,2,4,10.12386871932389,8.585943328568161,2.0,255.0
346,HUVEC-04,2,5,2.4133523036907247,2.447234047085071,0.0,255.0
347,HUVEC-04,2,6,11.527516903815332,6.296973614443623,2.0,255.0
348,HUVEC-04,3,1,4.593592018276066,7.513079379285918,1.0,255.0
349,HUVEC-04,3,2,18.794049863691455,17.002813766573414,3.0,255.0
350,HUVEC-04,3,3,9.098762022984491,4.860337197742132,1.0,241.0
351,HUVEC-04,3,4,9.528301610575094,8.288650315645885,1.0,255.0
352,HUVEC-04,3,5,2.189455050926704,2.3059080690456053,0.0,255.0
353,HUVEC-04,3,6,10.665494671115628,6.0833851148235905,1.0,255.0
354,HUVEC-04,4,1,4.27663178877397,7.018483177713619,1.0,255.0
355,HUVEC-04,4,2,18.38604348665708,16.15595701418992,3.0,255.0
356,HUVEC-04,4,3,8.522773984190705,4.377963541018655,1.0,253.0
357,HUVEC-04,4,4,9.461938635095374,8.02672902031936,1.0,255.0
358,HUVEC-04,4,5,2.3639827579646915,2.5485757598921985,0.0,251.0
359,HUVEC-04,4,6,10.442277722544484,5.724513094128727,2.0,255.0
360,HUVEC-05,1,1,3.0898369628113587,5.548419940980239,1.0,255.0
361,HUVEC-05,1,2,7.450428956514829,7.127406560540327,1.0,255.0
362,HUVEC-05,1,3,5.37647447957621,3.0925550946666243,1.0,238.0
363,HUVEC-05,1,4,4.25055287720321,3.89274716459913,1.0,188.0
364,HUVEC-05,1,5,2.5727806462870015,2.760206890501219,0.0,255.0
365,HUVEC-05,1,6,6.404289307532372,4.249275841966394,1.0,255.0
366,HUVEC-05,2,1,3.1250821646157796,5.693546035364937,1.0,255.0
367,HUVEC-05,2,2,6.249333288762476,6.263823992659303,1.0,255.0
368,HUVEC-05,2,3,6.311660450774354,3.660715058930827,1.0,255.0
369,HUVEC-05,2,4,3.937434128352574,3.7602964544691906,1.0,175.0
370,HUVEC-05,2,5,2.2747145628000234,2.474179165084993,0.0,255.0
371,HUVEC-05,2,6,6.459892588776428,4.3293577298129104,1.0,255.0
372,HUVEC-05,3,1,2.5378775163130327,4.417448365723235,0.0,255.0
373,HUVEC-05,3,2,5.613905367913184,5.490254143947549,1.0,255.0
374,HUVEC-05,3,3,4.9621222297866625,2.7964319574680614,1.0,255.0
375,HUVEC-05,3,4,4.089231441547344,3.8172815759405068,1.0,194.0
376,HUVEC-05,3,5,2.288458966589593,2.4634121807821834,0.0,255.0
377,HUVEC-05,3,6,6.074882451590005,4.021158437582348,1.0,255.0
378,HUVEC-05,4,1,2.9841402970351183,5.581311945902727,1.0,255.0
379,HUVEC-05,4,2,7.4708750340845675,7.618208228166352,1.0,255.0
380,HUVEC-05,4,3,5.391851815310392,3.3539504722256055,1.0,255.0
381,HUVEC-05,4,4,4.216191236074868,4.072058034419121,0.0,175.0
382,HUVEC-05,4,5,2.469399340741046,3.0112094397974754,0.0,255.0
383,HUVEC-05,4,6,6.45227761702104,4.516490042894383,1.0,255.0
384,HUVEC-06,1,1,3.390721353670446,5.695283344239945,1.0,255.0
385,HUVEC-06,1,2,14.609946695963542,13.826276346070145,2.0,255.0
386,HUVEC-06,1,3,7.966872250936865,4.8678339079935204,1.0,255.0
387,HUVEC-06,1,4,7.632042396359328,6.99797086619324,1.0,255.0
388,HUVEC-06,1,5,2.820898635988313,3.2861156843470103,0.0,255.0
389,HUVEC-06,1,6,9.940150228360805,6.19716622914345,1.0,255.0
390,HUVEC-06,2,1,2.684567315237863,4.265134937709166,0.0,233.0
391,HUVEC-06,2,2,10.287577288491386,10.022954603890247,1.0,255.0
392,HUVEC-06,2,3,6.824200122387378,4.199308503463405,1.0,255.0
393,HUVEC-06,2,4,6.8781644895479275,6.435348327176248,1.0,255.0
394,HUVEC-06,2,5,1.8267958814447576,2.1189094872141,0.0,255.0
395,HUVEC-06,2,6,8.858422743809687,5.547572001330315,1.0,255.0
396,HUVEC-06,3,1,3.3366252849628397,5.58342206789247,1.0,255.0
397,HUVEC-06,3,2,11.52360690723766,11.234725573435911,1.0,255.0
398,HUVEC-06,3,3,8.874506485926641,5.402523326329693,1.0,255.0
399,HUVEC-06,3,4,6.676540405719312,6.211098234499138,1.0,178.0
400,HUVEC-06,3,5,1.7430836751863554,1.9537512964816806,0.0,255.0
401,HUVEC-06,3,6,9.624684544352743,5.784672270617084,1.0,255.0
402,HUVEC-06,4,1,2.742086094695252,4.279416598839273,0.0,186.0
403,HUVEC-06,4,2,10.664410430115538,10.944585616650404,1.0,255.0
404,HUVEC-06,4,3,8.223387563383424,5.812151654002731,1.0,255.0
405,HUVEC-06,4,4,7.252657840778301,7.104728070251565,1.0,219.0
406,HUVEC-06,4,5,1.7588890311005827,2.207693209718603,0.0,255.0
407,HUVEC-06,4,6,9.089071874494676,5.813645206627442,2.0,255.0
408,HUVEC-07,1,1,2.4932440101326288,3.9988061316674144,0.0,229.0
409,HUVEC-07,1,2,16.514177031331247,12.991205766607866,2.0,255.0
410,HUVEC-07,1,3,5.612041541508266,3.1311725826284356,0.0,255.0
411,HUVEC-07,1,4,9.764323946717498,7.957416617750697,1.0,255.0
412,HUVEC-07,1,5,2.6182225834239614,2.805671112158819,0.0,255.0
413,HUVEC-07,1,6,4.369734442079222,2.2786495130104414,1.0,255.0
414,HUVEC-07,2,1,3.027052557313597,4.552215337325275,0.0,227.0
415,HUVEC-07,2,2,17.60602344166149,12.91396280167896,3.0,255.0
416,HUVEC-07,2,3,5.900413178778314,3.1922171370437473,1.0,255.0
417,HUVEC-07,2,4,10.832135931237952,8.390221327294775,1.0,255.0
418,HUVEC-07,2,5,1.9200405888743215,2.176774740965262,0.0,255.0
419,HUVEC-07,2,6,4.877955839231417,2.538806210829222,1.0,255.0
420,HUVEC-07,3,1,4.0485614367893765,6.848260480908451,1.0,255.0
421,HUVEC-07,3,2,20.406684448192646,15.69710872195353,3.0,255.0
422,HUVEC-07,3,3,8.016049948605625,4.85810263044338,1.0,255.0
423,HUVEC-07,3,4,10.83736563348151,8.76711720155848,1.0,255.0
424,HUVEC-07,3,5,2.0277951413934883,2.203932740531134,0.0,255.0
425,HUVEC-07,3,6,5.713916023056228,3.186678787502168,1.0,255.0
426,HUVEC-07,4,1,3.0221967882924266,5.252298171699634,0.0,249.0
427,HUVEC-07,4,2,20.98609616539695,17.290784713189222,4.0,255.0
428,HUVEC-07,4,3,6.080938246343043,3.7333452990834832,1.0,190.0
429,HUVEC-07,4,4,9.72068942057622,8.345091299641023,1.0,255.0
430,HUVEC-07,4,5,2.366393689985399,2.4678765300885144,0.0,255.0
431,HUVEC-07,4,6,4.691752576208734,2.583466822030812,1.0,168.0
432,HUVEC-08,1,1,3.993670736040388,6.409826170465044,1.0,255.0
433,HUVEC-08,1,2,15.768972341116372,13.848180435964174,2.0,255.0
434,HUVEC-08,1,3,9.385959668592973,5.47016130260749,1.0,255.0
435,HUVEC-08,1,4,8.973906058769721,7.986410672510827,1.0,255.0
436,HUVEC-08,1,5,2.0845504426336907,2.266274623000136,0.0,255.0
437,HUVEC-08,1,6,6.320251477229131,3.476590047924657,1.0,255.0
438,HUVEC-08,2,1,3.546202950663381,5.725997946522629,1.0,255.0
439,HUVEC-08,2,2,17.3610136601832,15.718445524256337,2.0,255.0
440,HUVEC-08,2,3,7.658895888885894,4.957504967501196,1.0,255.0
441,HUVEC-08,2,4,8.805021998170135,8.087497038126454,1.0,246.0
442,HUVEC-08,2,5,2.0749702143978763,2.3311710906916625,0.0,255.0
443,HUVEC-08,2,6,5.830910769375888,3.396048320152079,1.0,255.0
444,HUVEC-08,3,1,3.7981583917295776,6.231965426890209,1.0,255.0
445,HUVEC-08,3,2,15.321438919414174,13.58820991239902,2.0,255.0
446,HUVEC-08,3,3,9.276809277472559,5.676685533177944,1.0,255.0
447,HUVEC-08,3,4,8.596759616554557,7.78275868893785,1.0,255.0
448,HUVEC-08,3,5,1.9677320579429725,2.1860926460610166,0.0,255.0
449,HUVEC-08,3,6,6.1294171655332885,3.5285104964444556,1.0,255.0
450,HUVEC-08,4,1,2.868519739671187,4.335407593576599,0.0,225.0
451,HUVEC-08,4,2,13.216272645182423,10.918588890046317,2.0,255.0
452,HUVEC-08,4,3,6.9504781636324795,3.926429825502021,1.0,254.0
453,HUVEC-08,4,4,8.596610762856223,7.289009954143468,1.0,241.0
454,HUVEC-08,4,5,1.8364518153202998,1.9489408455683186,0.0,255.0
455,HUVEC-08,4,6,5.311766773075252,2.810262677252056,1.0,255.0
456,HUVEC-09,1,1,3.324883318566657,6.063284232345073,0.0,255.0
457,HUVEC-09,1,2,13.207591323109416,12.290150757751283,1.0,255.0
458,HUVEC-09,1,3,4.997752418765774,2.9389315359334063,0.0,255.0
459,HUVEC-09,1,4,7.2591944669748285,6.625642315639513,1.0,254.0
460,HUVEC-09,1,5,3.046627880690934,3.9924866397662937,0.0,255.0
461,HUVEC-09,1,6,3.870229968776951,2.1048320866288766,1.0,255.0
462,HUVEC-09,2,1,3.578719523045924,5.990669820549519,0.0,255.0
463,HUVEC-09,2,2,13.663012690358348,12.95038497146718,2.0,255.0
464,HUVEC-09,2,3,6.776806063466258,4.071670088332472,1.0,255.0
465,HUVEC-09,2,4,7.549854328105976,7.0001456540711215,1.0,255.0
466,HUVEC-09,2,5,2.819840146349622,3.5891087896800142,0.0,255.0
467,HUVEC-09,2,6,4.574062582734343,2.5207545175439736,1.0,255.0
468,HUVEC-09,3,1,3.3258802364398905,5.529147378429544,0.0,255.0
469,HUVEC-09,3,2,15.735760416303362,14.379418726427897,1.0,255.0
470,HUVEC-09,3,3,5.405412407664509,3.0595989480903345,1.0,255.0
471,HUVEC-09,3,4,7.822561988582859,7.0252342383269495,1.0,224.0
472,HUVEC-09,3,5,3.033998223094197,3.5028830331625316,0.0,255.0
473,HUVEC-09,3,6,4.201191846426431,2.169071663922671,1.0,255.0
474,HUVEC-09,4,1,3.8354951808978983,5.997774144537882,1.0,255.0
475,HUVEC-09,4,2,14.100419676149047,12.663507696602096,2.0,255.0
476,HUVEC-09,4,3,7.02344172960752,3.631748151864553,1.0,255.0
477,HUVEC-09,4,4,7.883620385999803,6.85766052598007,1.0,245.0
478,HUVEC-09,4,5,2.7572417073435598,3.047002442454241,0.0,255.0
479,HUVEC-09,4,6,4.779117844321511,2.3769252091241047,1.0,255.0
480,HUVEC-10,1,1,2.615321852944114,4.358087835449573,0.0,223.0
481,HUVEC-10,1,2,12.874651636396136,11.443444458900906,2.0,255.0
482,HUVEC-10,1,3,6.246712455501804,3.347526045749379,1.0,170.0
483,HUVEC-10,1,4,8.032617748557747,7.106795297404852,1.0,247.0
484,HUVEC-10,1,5,2.532734425036938,2.5711002650360384,0.0,255.0
485,HUVEC-10,1,6,4.757832508582573,2.3297679350536544,1.0,160.0
486,HUVEC-10,2,1,2.5017079254249475,4.181910550027601,0.0,225.0
487,HUVEC-10,2,2,12.622645217102843,11.191473793459986,2.0,255.0
488,HUVEC-10,2,3,5.975457909819368,3.222433656590526,0.0,255.0
489,HUVEC-10,2,4,7.757865373190347,6.940362107634087,1.0,255.0
490,HUVEC-10,2,5,2.348474477792715,2.3837715626617753,0.0,255.0
491,HUVEC-10,2,6,4.476438677156127,2.2295956371463324,1.0,255.0
492,HUVEC-10,3,1,3.1322334524873017,5.581701470291956,1.0,255.0
493,HUVEC-10,3,2,16.464636232945825,15.01393741769174,2.0,255.0
494,HUVEC-10,3,3,6.848581642299504,3.7608545832425646,1.0,222.0
495,HUVEC-10,3,4,7.974297901252648,7.177762188883516,1.0,249.0
496,HUVEC-10,3,5,2.711551975894284,2.818810244115214,0.0,255.0
497,HUVEC-10,3,6,5.039736332831445,2.4566252552918098,1.0,255.0
498,HUVEC-10,4,1,3.2546432235024194,5.755369277837063,1.0,255.0
499,HUVEC-10,4,2,16.865156570038238,15.461633389939074,3.0,255.0
500,HUVEC-10,4,3,7.047793239742131,4.0010775373426375,1.0,255.0
501,HUVEC-10,4,4,8.172317418185147,7.398537946978661,1.0,255.0
502,HUVEC-10,4,5,2.964245282210313,3.6076435846674233,0.0,255.0
503,HUVEC-10,4,6,5.221996747054063,2.6361151149078,1.0,255.0
504,HUVEC-11,1,1,3.521536498874813,5.453952660071576,1.0,255.0
505,HUVEC-11,1,2,20.058040817062576,16.156148623514675,3.0,255.0
506,HUVEC-11,1,3,7.823559773432744,4.6658608689031755,0.0,255.0
507,HUVEC-11,1,4,10.107086819487733,8.48969650199194,1.0,247.0
508,HUVEC-11,1,5,2.4349025255673893,3.467625916361439,0.0,255.0
509,HUVEC-11,1,6,6.228888932760659,3.467942845725168,1.0,255.0
510,HUVEC-11,2,1,2.8587175406418837,4.352701886906555,0.0,229.0
511,HUVEC-11,2,2,15.503547210197944,12.034421770874834,1.0,255.0
512,HUVEC-11,2,3,7.2188595486925795,3.936895561228785,1.0,255.0
513,HUVEC-11,2,4,9.966478991818118,7.9895617737992115,1.0,253.0
514,HUVEC-11,2,5,1.8122119408149224,2.351634436778098,0.0,255.0
515,HUVEC-11,2,6,5.681000468018767,2.807621470113924,1.0,255.0
516,HUVEC-11,3,1,3.8476003919328963,5.963747458981466,1.0,255.0
517,HUVEC-11,3,2,17.64008952425672,14.10685941995773,2.0,255.0
518,HUVEC-11,3,3,9.466259454751944,5.198293210134202,1.0,255.0
519,HUVEC-11,3,4,9.875576496124268,8.064805635973682,1.0,255.0
520,HUVEC-11,3,5,2.011123595299659,2.602528432680283,0.0,255.0
521,HUVEC-11,3,6,6.549248497207444,3.301502237260996,1.0,255.0
522,HUVEC-11,4,1,3.4812141145978654,5.4378370216117435,1.0,255.0
523,HUVEC-11,4,2,18.770364711811016,15.795512720556696,3.0,255.0
524,HUVEC-11,4,3,7.098309529292119,4.1281996075786695,1.0,255.0
525,HUVEC-11,4,4,9.428782122475761,8.173762547122436,1.0,255.0
526,HUVEC-11,4,5,2.0790947938894297,2.537362581716691,0.0,255.0
527,HUVEC-11,4,6,5.685529492118142,3.119169482614695,1.0,255.0
528,HUVEC-12,1,1,6.845564130064729,5.9001278506843615,3.0,255.0
529,HUVEC-12,1,2,16.718725105384728,14.272228607892023,2.0,255.0
530,HUVEC-12,1,3,5.542969530278986,2.8006004396871407,1.0,255.0
531,HUVEC-12,1,4,8.158549017720409,6.71673741532741,1.0,255.0
532,HUVEC-12,1,5,3.761278808890999,3.8320585231865687,0.0,255.0
533,HUVEC-12,1,6,4.138150134643951,2.0057427882523484,1.0,255.0
534,HUVEC-12,2,1,7.22210287118887,6.2468783505008005,4.0,255.0
535,HUVEC-12,2,2,16.90945222780302,14.634704658139501,3.0,255.0
536,HUVEC-12,2,3,5.6589846363315335,2.847565445378187,1.0,255.0
537,HUVEC-12,2,4,8.389294785338564,7.007088988346688,1.0,255.0
538,HUVEC-12,2,5,3.7482384025276483,3.830966030135006,0.0,255.0
539,HUVEC-12,2,6,4.34443034754171,2.084805579056773,1.0,255.0
540,HUVEC-12,3,1,6.356062108820135,5.210642209402837,3.0,255.0
541,HUVEC-12,3,2,13.842217432988154,11.625808017815219,2.0,255.0
542,HUVEC-12,3,3,4.964599237813578,3.4817933492102515,1.0,255.0
543,HUVEC-12,3,4,7.42428343636649,6.051048878254845,1.0,255.0
544,HUVEC-12,3,5,3.4462637963233056,5.586552367535315,0.0,255.0
545,HUVEC-12,3,6,3.700081218372692,2.2727626789900373,1.0,255.0
546,HUVEC-12,4,1,7.597003769564938,6.024767249439684,4.0,255.0
547,HUVEC-12,4,2,14.037571498325892,12.053354091858893,2.0,255.0
548,HUVEC-12,4,3,6.931135889771697,3.4203934524021897,1.0,255.0
549,HUVEC-12,4,4,7.64377599567562,6.272026490866135,1.0,255.0
550,HUVEC-12,4,5,3.3947304750417735,3.6002610806266397,0.0,255.0
551,HUVEC-12,4,6,4.486031705682928,2.055991687996747,1.0,255.0
552,HUVEC-13,1,1,6.26989646986419,5.115137311308877,2.0,255.0
553,HUVEC-13,1,2,14.891252355637894,12.114211027035962,1.0,255.0
554,HUVEC-13,1,3,5.022592800115448,2.9307621121651812,1.0,255.0
555,HUVEC-13,1,4,8.540462350533678,6.927245176085451,1.0,226.0
556,HUVEC-13,1,5,2.9153164071974413,3.446783135498456,0.0,255.0
557,HUVEC-13,1,6,4.0492358550526735,2.26087521364291,1.0,255.0
558,HUVEC-13,2,1,6.718441875931484,5.543649572786561,3.0,255.0
559,HUVEC-13,2,2,16.901751792508794,13.20776468388309,3.0,255.0
560,HUVEC-13,2,3,5.545119653340259,2.931879539452511,1.0,255.0
561,HUVEC-13,2,4,8.69330895492454,6.70994779310258,1.0,190.0
562,HUVEC-13,2,5,3.236846331677406,3.33173384630644,0.0,255.0
563,HUVEC-13,2,6,4.486128239849814,2.267077652263174,1.0,255.0
564,HUVEC-13,3,1,6.566940126855389,5.3714741388666285,2.0,254.0
565,HUVEC-13,3,2,15.653042793273926,11.668561946721644,2.0,255.0
566,HUVEC-13,3,3,5.398617943907095,2.9347943876285103,1.0,255.0
567,HUVEC-13,3,4,8.933388971814923,6.642618240031532,1.0,197.0
568,HUVEC-13,3,5,3.3590580560023486,4.029124148023141,0.0,255.0
569,HUVEC-13,3,6,4.417795779658299,2.270092542624623,1.0,255.0
570,HUVEC-13,4,1,7.838209619709089,5.97926701890372,4.0,255.0
571,HUVEC-13,4,2,15.194349637997696,11.933104549386941,2.0,255.0
572,HUVEC-13,4,3,7.268441511914621,3.885524697783221,1.0,255.0
573,HUVEC-13,4,4,8.734146704081617,6.763229387068479,1.0,248.0
574,HUVEC-13,4,5,2.971003869000603,3.160737393574965,0.0,255.0
575,HUVEC-13,4,6,5.143062847112518,2.655164722210335,1.0,255.0
576,HUVEC-14,1,1,5.520286064398916,4.329837556500875,3.0,240.0
577,HUVEC-14,1,2,16.485923214962607,14.661950929581401,2.0,255.0
578,HUVEC-14,1,3,5.73483523569609,3.5269409223112524,1.0,255.0
579,HUVEC-14,1,4,7.437818244883888,6.30929753285882,1.0,231.0
580,HUVEC-14,1,5,4.4855644640169645,6.453185830713724,0.0,255.0
581,HUVEC-14,1,6,4.161734731573808,2.5950130589516682,1.0,255.0
582,HUVEC-14,2,1,5.835188031196594,4.308519761634071,3.0,248.0
583,HUVEC-14,2,2,16.189233993229113,13.190371401104601,3.0,255.0
584,HUVEC-14,2,3,5.343060618952701,3.274982208537773,1.0,255.0
585,HUVEC-14,2,4,7.3508518495057755,5.736176547867739,1.0,234.0
586,HUVEC-14,2,5,4.048217779711673,6.307575537775657,0.0,255.0
587,HUVEC-14,2,6,3.9538005151246725,2.4888562948639295,1.0,255.0
588,HUVEC-14,3,1,4.186275557467812,3.105678755127682,2.0,159.0
589,HUVEC-14,3,2,15.855423444195798,13.209703764546529,3.0,255.0
590,HUVEC-14,3,3,5.17310841459977,3.155251871572324,1.0,255.0
591,HUVEC-14,3,4,6.850965349297774,5.420686513313118,1.0,219.0
592,HUVEC-14,3,5,4.331966989918759,6.061837396707954,0.0,255.0
593,HUVEC-14,3,6,3.878133434998362,2.3511576217314625,1.0,255.0
594,HUVEC-14,4,1,4.142740067682769,3.5039960790463014,2.0,162.0
595,HUVEC-14,4,2,15.409786619638142,13.390996387854164,3.0,255.0
596,HUVEC-14,4,3,5.167273866502862,3.1122635688269376,1.0,255.0
597,HUVEC-14,4,4,6.722007851851614,5.540359207076562,1.0,255.0
598,HUVEC-14,4,5,4.354713534054003,5.848270343778942,1.0,255.0
599,HUVEC-14,4,6,3.930790512185348,2.3859629699057643,1.0,255.0
600,HUVEC-15,1,1,4.1847722342139795,2.8312329819635655,2.0,153.0
601,HUVEC-15,1,2,17.019575144115247,13.871046429956046,2.0,255.0
602,HUVEC-15,1,3,5.4421854897549276,3.7122508453625094,1.0,255.0
603,HUVEC-15,1,4,8.054584867075869,6.470993224617209,1.0,249.0
604,HUVEC-15,1,5,4.093749824323152,6.811911863927441,0.0,255.0
605,HUVEC-15,1,6,4.606137984677365,3.1679734848380243,1.0,255.0
606,HUVEC-15,2,1,4.1392617978547745,2.8609561285464995,2.0,174.0
607,HUVEC-15,2,2,17.204014884798152,14.590185035578084,2.0,255.0
608,HUVEC-15,2,3,5.615321617377432,3.5245277596440796,1.0,255.0
609,HUVEC-15,2,4,8.010900836241873,6.655280595356198,1.0,200.0
610,HUVEC-15,2,5,4.018625604478936,6.299126445983221,0.0,255.0
611,HUVEC-15,2,6,4.61973229834908,3.021448559434871,1.0,255.0
612,HUVEC-15,3,1,5.653042147034093,4.039312144485528,3.0,226.0
613,HUVEC-15,3,2,17.600478310334054,14.771531419751797,3.0,255.0
614,HUVEC-15,3,3,5.937451324964824,3.338340526505553,1.0,255.0
615,HUVEC-15,3,4,8.612289918096442,7.076035447941958,1.0,233.0
616,HUVEC-15,3,5,3.775047929663407,5.343284908103148,0.0,255.0
617,HUVEC-15,3,6,4.835748678759525,3.075800515284117,1.0,255.0
618,HUVEC-15,4,1,4.218977099970767,2.8774907644003047,2.0,204.0
619,HUVEC-15,4,2,17.96031351465928,14.471058128051254,3.0,255.0
620,HUVEC-15,4,3,5.755701203095286,3.2306958942316117,1.0,255.0
621,HUVEC-15,4,4,8.441950810583014,6.675823656827936,1.0,255.0
622,HUVEC-15,4,5,3.9021914318988196,5.422005267016616,0.0,255.0
623,HUVEC-15,4,6,4.770557641983032,2.971366494452763,1.0,255.0
624,HUVEC-16,1,1,6.728259247618836,6.13423220947916,3.0,255.0
625,HUVEC-16,1,2,14.244055134909493,11.985806797579619,2.0,255.0
626,HUVEC-16,1,3,6.596867734735662,3.5766825597529035,1.0,255.0
627,HUVEC-16,1,4,7.66674685787845,6.350466284932611,1.0,161.0
628,HUVEC-16,1,5,2.7414484767170695,3.5969416315779217,0.0,255.0
629,HUVEC-16,1,6,5.204038006918771,2.622830460851052,1.0,255.0
630,HUVEC-16,2,1,6.3932164984864075,5.516164379548063,2.0,255.0
631,HUVEC-16,2,2,12.407149822680982,9.977366875131455,2.0,255.0
632,HUVEC-16,2,3,6.058184109724961,3.0066230841148696,1.0,255.0
633,HUVEC-16,2,4,7.343203600350913,5.823499656296417,1.0,190.0
634,HUVEC-16,2,5,2.5358516767427517,2.719140013407821,0.0,255.0
635,HUVEC-16,2,6,4.762288291732986,2.224939149618355,1.0,255.0
636,HUVEC-16,3,1,7.602402575604327,6.294836557727588,4.0,255.0
637,HUVEC-16,3,2,11.976718196621189,10.361888518207152,2.0,255.0
638,HUVEC-16,3,3,8.29087697685539,4.214961164864351,1.0,255.0
639,HUVEC-16,3,4,7.14835549639417,6.013537603473041,1.0,188.0
640,HUVEC-16,3,5,2.4879836912279005,2.7391056303058847,0.0,255.0
641,HUVEC-16,3,6,5.585168782766763,2.734227966108865,1.0,255.0
642,HUVEC-16,4,1,6.877955257118522,6.214736372628252,3.0,255.0
643,HUVEC-16,4,2,13.559028365395285,11.73708772993156,1.0,255.0
644,HUVEC-16,4,3,6.393861752051811,3.1749254457382996,1.0,255.0
645,HUVEC-16,4,4,7.257888118942063,6.087271575984099,1.0,171.0
646,HUVEC-16,4,5,2.7551087466153232,3.150208347081082,0.0,255.0
647,HUVEC-16,4,6,4.960263085055661,2.362176017061763,1.0,255.0
648,HUVEC-17,1,1,2.413526070582402,3.8486359640474976,0.0,215.0
649,HUVEC-17,1,2,7.297662976500276,7.640024537899062,1.0,255.0
650,HUVEC-17,1,3,7.58353380104164,3.5862291754825364,1.0,255.0
651,HUVEC-17,1,4,5.193743780061796,4.854625409761194,0.0,157.0
652,HUVEC-17,1,5,2.3796759766417663,2.2519741910996935,0.0,255.0
653,HUVEC-17,1,6,9.302626640765698,5.051167780435437,1.0,255.0
654,HUVEC-17,2,1,3.719845524081936,6.0887700697759755,1.0,255.0
655,HUVEC-17,2,2,9.54186164558708,10.115979767361953,1.0,255.0
656,HUVEC-17,2,3,8.285717344903327,4.57475778690382,1.0,255.0
657,HUVEC-17,2,4,5.5752199965638,5.342043978182952,1.0,166.0
658,HUVEC-17,2,5,2.32273986742094,2.35996833909286,0.0,255.0
659,HUVEC-17,2,6,9.58362627029419,5.141582468045565,1.0,255.0
660,HUVEC-17,3,1,3.0853269378860277,4.626431317729556,0.0,246.0
661,HUVEC-17,3,2,7.410442358487613,7.270405619415709,1.0,251.0
662,HUVEC-17,3,3,7.801845662005536,3.7788054299575773,1.0,222.0
663,HUVEC-17,3,4,5.562710359499052,4.977755200692636,1.0,149.0
664,HUVEC-17,3,5,2.1252490576211507,2.001980642445505,0.0,255.0
665,HUVEC-17,3,6,9.296272909486449,4.599708518791481,1.0,255.0
666,HUVEC-17,4,1,3.0922095558860083,4.770319859436289,0.0,255.0
667,HUVEC-17,4,2,7.365467888968332,7.266541547350691,1.0,243.0
668,HUVEC-17,4,3,7.846478307401979,3.757597789117633,1.0,182.0
669,HUVEC-17,4,4,5.576223553001107,4.975829439419848,1.0,142.0
670,HUVEC-17,4,5,2.242739590731534,2.1347986640402725,0.0,255.0
671,HUVEC-17,4,6,9.27914690042471,4.513944781663478,2.0,255.0
672,HUVEC-18,1,1,3.166041708611823,4.741990392945696,0.0,184.0
673,HUVEC-18,1,2,17.690537601322323,13.61303324014419,3.0,255.0
674,HUVEC-18,1,3,7.648018434450224,4.140726038576206,1.0,255.0
675,HUVEC-18,1,4,11.526278477210504,9.104454354039333,1.0,255.0
676,HUVEC-18,1,5,2.5866077596491035,3.7670492714437436,0.0,255.0
677,HUVEC-18,1,6,6.14865864716567,3.0863521938734797,1.0,255.0
678,HUVEC-18,2,1,4.214182444981167,6.611596501150778,1.0,255.0
679,HUVEC-18,2,2,20.766370364597865,16.440288356427565,4.0,255.0
680,HUVEC-18,2,3,10.345806524351046,5.887902482939275,1.0,255.0
681,HUVEC-18,2,4,11.627411576060506,9.437581219136833,2.0,255.0
682,HUVEC-18,2,5,2.5943777096735965,3.4655137841005232,0.0,255.0
683,HUVEC-18,2,6,7.204529508367761,3.7599581207445993,1.0,255.0
684,HUVEC-18,3,1,3.945977386226499,6.205320241097234,1.0,255.0
685,HUVEC-18,3,2,23.783378080042397,18.519118339446507,4.0,255.0
686,HUVEC-18,3,3,8.312706167329617,4.72456937908314,1.0,255.0
687,HUVEC-18,3,4,12.070554258765243,9.694629263817617,2.0,255.0
688,HUVEC-18,3,5,2.4437911739194296,3.1629865021964836,0.0,255.0
689,HUVEC-18,3,6,6.778046007854183,3.5199165138602964,1.0,255.0
690,HUVEC-18,4,1,3.2412206724092556,4.87361947724954,0.0,207.0
691,HUVEC-18,4,2,17.349574832173136,13.109035209303961,3.0,255.0
692,HUVEC-18,4,3,7.474463667188372,3.741808064581786,1.0,255.0
693,HUVEC-18,4,4,11.35648269777174,8.783890312261319,2.0,255.0
694,HUVEC-18,4,5,2.340382687457196,2.7911521919521793,0.0,255.0
695,HUVEC-18,4,6,6.032287628619702,2.7955565086004044,1.0,255.0
696,HUVEC-19,1,1,2.985343635856331,4.381193712872598,0.0,197.0
697,HUVEC-19,1,2,16.074072107092128,12.044676571693838,2.0,255.0
698,HUVEC-19,1,3,5.730686751278964,2.9731763372017324,1.0,255.0
699,HUVEC-19,1,4,11.866422219709916,9.466466286665327,1.0,255.0
700,HUVEC-19,1,5,1.4096958420493386,1.4240438493944694,0.0,255.0
701,HUVEC-19,1,6,5.77256356895744,3.086123848054898,1.0,255.0
702,HUVEC-19,2,1,3.5281417958148116,5.466200686595202,1.0,238.0
703,HUVEC-19,2,2,20.936904746216612,16.281962646111385,3.0,255.0
704,HUVEC-19,2,3,6.159124250535841,3.4115154060781037,1.0,255.0
705,HUVEC-19,2,4,12.032067267925708,10.03197553799357,1.0,255.0
706,HUVEC-19,2,5,1.0593696507540615,1.4648446762579337,0.0,255.0
707,HUVEC-19,2,6,6.31752263106309,3.713353759728034,1.0,255.0
708,HUVEC-19,3,1,3.8236234528677806,5.8966619835416525,1.0,255.0
709,HUVEC-19,3,2,18.56648217238389,13.99639915500645,3.0,255.0
710,HUVEC-19,3,3,7.723719863148479,3.8315621603426737,1.0,255.0
711,HUVEC-19,3,4,12.063577224681904,9.630070565522988,1.0,255.0
712,HUVEC-19,3,5,1.08819580078125,1.056441928287412,0.0,255.0
713,HUVEC-19,3,6,6.978529174606521,3.6446731323099524,1.0,255.0
714,HUVEC-19,4,1,3.645810635058911,5.6591344802506605,1.0,236.0
715,HUVEC-19,4,2,21.95279465093241,16.44474300460056,2.0,255.0
716,HUVEC-19,4,3,6.350992190373408,3.3396097100327546,1.0,220.0
717,HUVEC-19,4,4,12.55275871846583,10.035028135784499,2.0,255.0
718,HUVEC-19,4,5,1.0753564958448534,1.1521603355907875,0.0,255.0
719,HUVEC-19,4,6,6.485918608578769,3.4957672133908195,1.0,255.0
720,HUVEC-20,1,1,3.429795097995114,5.7101163460414455,0.0,249.0
721,HUVEC-20,1,2,18.435513836996897,15.43087783146918,3.0,255.0
722,HUVEC-20,1,3,6.972601859600513,4.403744294495474,1.0,255.0
723,HUVEC-20,1,4,9.148847790507528,8.049280407837909,1.0,255.0
724,HUVEC-20,1,5,2.0469841090115635,2.2763073777264933,0.0,255.0
725,HUVEC-20,1,6,5.555030958993094,3.170174782585199,1.0,255.0
726,HUVEC-20,2,1,3.746689852181967,6.168508405492952,1.0,255.0
727,HUVEC-20,2,2,17.023181933861274,13.94945904567245,2.0,255.0
728,HUVEC-20,2,3,8.821178417701226,5.233345115414446,1.0,255.0
729,HUVEC-20,2,4,9.332554470409047,8.001874907525638,1.0,255.0
730,HUVEC-20,2,5,1.8757110385151652,2.0258424429614434,0.0,255.0
731,HUVEC-20,2,6,6.089975518065613,3.375082257888921,1.0,255.0
732,HUVEC-20,3,1,3.000245540173023,4.596947484496845,0.0,255.0
733,HUVEC-20,3,2,14.753045936683556,11.368679230817767,2.0,255.0
734,HUVEC-20,3,3,6.745634630128935,3.4347352467909666,1.0,255.0
735,HUVEC-20,3,4,9.560591716270942,7.550608364355552,1.0,254.0
736,HUVEC-20,3,5,1.7887112629878057,1.7608783829238204,0.0,255.0
737,HUVEC-20,3,6,5.4463194252608655,2.5735590731278015,1.0,188.0
738,HUVEC-20,4,1,3.6680575903359944,5.893471362428175,1.0,255.0
739,HUVEC-20,4,2,19.786059212374997,16.05547016996036,3.0,255.0
740,HUVEC-20,4,3,7.4438073542210965,4.170083613501464,1.0,255.0
741,HUVEC-20,4,4,9.852291162911948,8.334457277444136,1.0,255.0
742,HUVEC-20,4,5,2.1912430664161584,2.5320302304519906,0.0,255.0
743,HUVEC-20,4,6,5.926649972989962,3.193866834549949,1.0,255.0
744,HUVEC-21,1,1,5.099461214882987,3.7091596054457354,3.0,209.0
745,HUVEC-21,1,2,15.926940540214638,12.336783289320428,2.0,255.0
746,HUVEC-21,1,3,6.660478474257828,3.3212750587855235,1.0,255.0
747,HUVEC-21,1,4,6.616651132509306,4.959877554641249,1.0,173.0
748,HUVEC-21,1,5,3.887774486046333,4.519469833614327,1.0,255.0
749,HUVEC-21,1,6,5.155660356794085,2.3861856557631085,1.0,255.0
750,HUVEC-21,2,1,5.635262328308898,4.430114157659143,2.0,236.0
751,HUVEC-21,2,2,15.546405340169931,12.450280389412598,2.0,255.0
752,HUVEC-21,2,3,6.782808947872806,3.301221135931641,1.0,255.0
753,HUVEC-21,2,4,7.464747825226226,5.754656808556758,1.0,238.0
754,HUVEC-21,2,5,3.8453157907956608,4.240355256258443,1.0,255.0
755,HUVEC-21,2,6,5.1217695768777425,2.4050005812522963,1.0,255.0
756,HUVEC-21,3,1,4.762227237998665,3.7995783774831744,3.0,192.0
757,HUVEC-21,3,2,13.425853853101854,11.497259288394778,2.0,255.0
758,HUVEC-21,3,3,6.1534694448694,3.2186878237046255,1.0,255.0
759,HUVEC-21,3,4,6.425040406066102,5.276170291076533,1.0,210.0
760,HUVEC-21,3,5,3.857431294082047,4.216680168381056,1.0,255.0
761,HUVEC-21,3,6,4.665850329708744,2.2467270944731323,1.0,255.0
762,HUVEC-21,4,1,5.633608087316736,4.067475131982316,3.0,255.0
763,HUVEC-21,4,2,14.862842931375875,12.287810821097843,2.0,255.0
764,HUVEC-21,4,3,6.614386942479517,3.03668942427342,1.0,255.0
765,HUVEC-21,4,4,7.0812880280730015,5.6264382282891185,1.0,203.0
766,HUVEC-21,4,5,3.869438332396668,3.770738415922956,1.0,255.0
767,HUVEC-21,4,6,4.971864019121442,2.1391686882119982,1.0,255.0
768,HUVEC-22,1,1,3.962399414607457,3.3539613834618534,2.0,176.0
769,HUVEC-22,1,2,15.158049341920135,13.194728132120813,2.0,255.0
770,HUVEC-22,1,3,4.6630400310863145,2.3933675032290394,1.0,255.0
771,HUVEC-22,1,4,6.501104806924795,5.432402065395041,1.0,242.0
772,HUVEC-22,1,5,3.017962629144842,3.53480076475961,0.0,255.0
773,HUVEC-22,1,6,3.648150165359695,1.721983629421449,1.0,255.0
774,HUVEC-22,2,1,4.821984396352397,4.203511033715805,2.0,228.0
775,HUVEC-22,2,2,14.039608546665736,12.917975865762086,2.0,255.0
776,HUVEC-22,2,3,4.772370400366845,2.3716512410914468,1.0,255.0
777,HUVEC-22,2,4,6.313068445626792,5.57274946240014,1.0,223.0
778,HUVEC-22,2,5,2.822813170296805,2.9431547400038873,0.0,255.0
779,HUVEC-22,2,6,3.7017210427816813,1.710372286138695,1.0,255.0
780,HUVEC-22,3,1,5.4831572322102335,4.80183149170914,3.0,255.0
781,HUVEC-22,3,2,15.69287937956971,14.316398321413496,2.0,255.0
782,HUVEC-22,3,3,5.142073402157077,2.4644638860778096,1.0,255.0
783,HUVEC-22,3,4,7.1247253603749465,6.26734125174514,1.0,240.0
784,HUVEC-22,3,5,2.956371257831524,2.9722434553395054,0.0,255.0
785,HUVEC-22,3,6,4.0075529705394395,1.8292013815174588,1.0,255.0
786,HUVEC-22,4,1,4.798001871480571,4.215129427885825,2.0,255.0
787,HUVEC-22,4,2,17.51905633257581,15.007114767179992,3.0,255.0
788,HUVEC-22,4,3,5.523579225911723,2.5335771472831516,1.0,255.0
789,HUVEC-22,4,4,6.884483863781025,5.736594836052785,1.0,168.0
790,HUVEC-22,4,5,3.1315408124552144,2.7865473345120026,0.0,255.0
791,HUVEC-22,4,6,4.444365823423707,1.8938793220974945,1.0,255.0
792,HUVEC-23,1,1,4.876143783717961,3.7872443300408785,3.0,208.0
793,HUVEC-23,1,2,12.334597686668495,10.694494608358731,1.0,255.0
794,HUVEC-23,1,3,7.256658535499077,4.080492869256786,1.0,255.0
795,HUVEC-23,1,4,5.798573593040565,4.715185865085574,1.0,176.0
796,HUVEC-23,1,5,4.358916041138884,6.052542363514458,0.0,255.0
797,HUVEC-23,1,6,4.909720971986845,2.68212051791696,1.0,255.0
798,HUVEC-23,2,1,4.840852037652747,3.8089185535564347,3.0,226.0
799,HUVEC-23,2,2,12.397820355056169,11.085142155511466,2.0,255.0
800,HUVEC-23,2,3,7.18348520452326,3.924479812363483,1.0,255.0
801,HUVEC-23,2,4,5.892367567334857,4.916232205378576,1.0,170.0
802,HUVEC-23,2,5,4.1639705137773,5.1027488697419905,0.0,255.0
803,HUVEC-23,2,6,4.946025972242479,2.498082044405894,1.0,255.0
804,HUVEC-23,3,1,4.9067958980411674,3.9568317474793107,3.0,232.0
805,HUVEC-23,3,2,12.465610064469375,10.731253333602806,2.0,255.0
806,HUVEC-23,3,3,7.457337007894145,3.6014479144777374,1.0,255.0
807,HUVEC-23,3,4,5.842622942738719,4.743349814535041,1.0,198.0
808,HUVEC-23,3,5,4.635157331243738,4.5823087354123535,0.0,255.0
809,HUVEC-23,3,6,5.205775644872095,2.3210128919588175,1.0,255.0
810,HUVEC-23,4,1,4.9752120164007625,3.9201636595801137,3.0,230.0
811,HUVEC-23,4,2,12.50144343422756,10.613424275898833,2.0,255.0
812,HUVEC-23,4,3,7.402085990781504,3.391465857303323,1.0,255.0
813,HUVEC-23,4,4,5.817019043217265,4.685188392522618,1.0,246.0
814,HUVEC-23,4,5,4.521389044845531,4.329403416531816,0.0,255.0
815,HUVEC-23,4,6,5.154952605306519,2.1991608838911882,1.0,255.0
816,HUVEC-24,1,1,4.656781184208858,3.4518501232661407,2.0,179.0
817,HUVEC-24,1,2,18.249063974851136,13.665434960653181,3.0,255.0
818,HUVEC-24,1,3,6.809393021967504,3.240724220994889,1.0,255.0
819,HUVEC-24,1,4,8.313196789134633,5.91907865685557,1.0,203.0
820,HUVEC-24,1,5,5.090333053043911,5.319505198545673,1.0,255.0
821,HUVEC-24,1,6,5.362470905502121,2.519509425637519,1.0,255.0
822,HUVEC-24,2,1,5.699011400148466,4.420728456172929,3.0,226.0
823,HUVEC-24,2,2,17.233240876879012,13.181269252276596,2.0,255.0
824,HUVEC-24,2,3,6.867256009733522,3.1335258932263907,1.0,255.0
825,HUVEC-24,2,4,8.159136468713934,5.958562062382512,1.0,184.0
826,HUVEC-24,2,5,4.998322455913989,4.835918460424431,1.0,255.0
827,HUVEC-24,2,6,5.409461684041209,2.3167911941455452,1.0,255.0
828,HUVEC-24,3,1,5.546110512374283,4.3894198931037005,3.0,211.0
829,HUVEC-24,3,2,19.404253043137587,15.416009715472688,3.0,255.0
830,HUVEC-24,3,3,7.075598078888732,3.43240448854309,1.0,255.0
831,HUVEC-24,3,4,7.942369200966575,6.045287163039918,1.0,178.0
832,HUVEC-24,3,5,4.636897731136966,4.410128646105881,0.0,255.0
833,HUVEC-24,3,6,5.668515031987971,2.4736014040311933,1.0,255.0
834,HUVEC-24,4,1,4.67469209819645,3.4613955294855505,2.0,181.0
835,HUVEC-24,4,2,18.122590139314728,13.581398962376877,2.0,255.0
836,HUVEC-24,4,3,6.647310950539329,3.0177215166893805,1.0,255.0
837,HUVEC-24,4,4,8.191357117194634,5.871948560082162,1.0,212.0
838,HUVEC-24,4,5,4.957113643745323,4.674785043849269,1.0,255.0
839,HUVEC-24,4,6,5.240434838579847,2.2807092241038265,1.0,255.0
840,RPE-01,1,1,3.9330260908448853,4.666704338742825,1.0,221.0
841,RPE-01,1,2,13.03875409163438,10.858248491847245,1.0,255.0
842,RPE-01,1,3,16.170415847332446,9.533445032703042,1.0,255.0
843,RPE-01,1,4,8.040929416557411,5.957525139216646,1.0,240.0
844,RPE-01,1,5,3.9329887303439053,4.2430678786599785,0.0,255.0
845,RPE-01,1,6,13.715474023447408,7.094406096376122,1.0,255.0
846,RPE-01,2,1,3.198096733588677,3.7587471507178023,0.0,176.0
847,RPE-01,2,2,9.698113299035407,8.30274298545532,1.0,255.0
848,RPE-01,2,3,15.037970319970862,8.983711516107547,1.0,203.0
849,RPE-01,2,4,7.712931180929209,5.9624460530467465,1.0,249.0
850,RPE-01,2,5,3.4983764933301256,3.650664197478644,0.0,255.0
851,RPE-01,2,6,12.817614363385486,6.76966283465333,1.0,255.0
852,RPE-01,3,1,4.044895940012746,4.816076739522045,0.0,249.0
853,RPE-01,3,2,11.053810590273374,9.589683536474745,0.0,255.0
854,RPE-01,3,3,19.8916977287887,11.95426615107945,1.0,255.0
855,RPE-01,3,4,7.571220441298052,5.877484117211242,0.0,195.0
856,RPE-01,3,5,3.7299688636482538,3.840087463574626,0.0,255.0
857,RPE-01,3,6,14.423963844002067,7.674136611116504,0.0,255.0
858,RPE-01,4,1,3.2990357225591485,3.7049873853334248,1.0,193.0
859,RPE-01,4,2,10.033805952443705,8.035159911319514,1.0,255.0
860,RPE-01,4,3,15.484933493973372,8.421519912609039,1.0,255.0
861,RPE-01,4,4,7.993705669006744,5.721450265567784,1.0,179.0
862,RPE-01,4,5,3.601731622373903,3.42420798776672,0.0,255.0
863,RPE-01,4,6,13.055043697357178,6.31590252937038,1.0,255.0
864,RPE-02,1,1,3.2734528640647986,4.524084825079025,0.0,221.0
865,RPE-02,1,2,10.95764585594078,10.626623220604646,1.0,255.0
866,RPE-02,1,3,15.12011263587258,9.664765573984688,1.0,255.0
867,RPE-02,1,4,6.814166236233402,5.914070308818289,1.0,189.0
868,RPE-02,1,5,4.186989214513209,4.411253339373404,0.0,255.0
869,RPE-02,1,6,13.72541482727249,8.260777225297495,1.0,255.0
870,RPE-02,2,1,2.6671087029692413,3.576241922407848,0.0,229.0
871,RPE-02,2,2,7.906143696277173,7.947816959714159,1.0,255.0
872,RPE-02,2,3,13.373236984401554,8.688473139141095,1.0,242.0
873,RPE-02,2,4,6.325732714169986,5.66803792390871,1.0,187.0
874,RPE-02,2,5,3.7998815078239936,4.0430959908616195,0.0,255.0
875,RPE-02,2,6,12.026806472183821,7.228803653956861,2.0,255.0
876,RPE-02,3,1,3.3108198178278934,4.617866221705283,0.0,196.0
877,RPE-02,3,2,8.539086744382784,8.635637421111245,1.0,255.0
878,RPE-02,3,3,16.36305872805707,10.813904395719096,1.0,255.0
879,RPE-02,3,4,5.905347588774446,5.287017648528281,1.0,255.0
880,RPE-02,3,5,3.4400058164224996,3.6424252864371947,0.0,255.0
881,RPE-02,3,6,12.514914011026358,7.522082753228635,1.0,255.0
882,RPE-02,4,1,2.6644952328174147,3.535270561666564,0.0,210.0
883,RPE-02,4,2,7.846485391839758,7.680310903526825,1.0,255.0
884,RPE-02,4,3,13.40633672862858,8.11414461357376,1.0,192.0
885,RPE-02,4,4,6.344341866381757,5.495771929661127,1.0,185.0
886,RPE-02,4,5,3.7698768888201033,3.5789557186595657,0.0,255.0
887,RPE-02,4,6,11.839289782883284,6.620462379577971,2.0,255.0
888,RPE-03,1,1,3.067986606003402,3.9360401013101574,0.0,250.0
889,RPE-03,1,2,7.436992632878291,6.802596019712674,1.0,234.0
890,RPE-03,1,3,14.925751302149388,9.16185400745188,1.0,255.0
891,RPE-03,1,4,6.19483587958596,4.887071115307623,1.0,131.0
892,RPE-03,1,5,4.355079867623069,4.328142432265662,0.0,255.0
893,RPE-03,1,6,12.350317236665008,6.748722198811595,1.0,255.0
894,RPE-03,2,1,3.024306594551384,3.869627313702096,0.0,212.0
895,RPE-03,2,2,7.407467309530679,6.906423117598919,1.0,243.0
896,RPE-03,2,3,14.624075208391462,8.93067597448761,1.0,255.0
897,RPE-03,2,4,6.189718048293869,4.982977703332443,1.0,144.0
898,RPE-03,2,5,4.155587357360047,3.952550581865051,0.0,255.0
899,RPE-03,2,6,12.20478293802831,6.6815942860687,1.0,255.0
900,RPE-03,3,1,3.885373171273764,4.873072068674308,1.0,237.0
901,RPE-03,3,2,8.265586574356277,7.447334351782394,1.0,242.0
902,RPE-03,3,3,19.02462898601185,11.606917623477013,1.0,255.0
903,RPE-03,3,4,6.071204402230003,4.682918502580151,1.0,132.0
904,RPE-03,3,5,4.274288363270945,4.157362961822576,0.0,255.0
905,RPE-03,3,6,13.34722764770706,7.185312296870153,1.0,255.0
906,RPE-03,4,1,3.686377302392737,4.641012066710085,1.0,170.0
907,RPE-03,4,2,9.906751329248602,9.02050541922651,1.0,255.0
908,RPE-03,4,3,16.449707953960864,10.376883781898854,1.0,255.0
909,RPE-03,4,4,6.501049351382565,5.134454598806804,1.0,126.0
910,RPE-03,4,5,5.253092926818055,5.1217208031127495,0.0,255.0
911,RPE-03,4,6,13.25428548416534,7.293235314507005,1.0,255.0
912,RPE-04,1,1,2.356153599627606,3.074064386628728,0.0,158.0
913,RPE-04,1,2,14.939604393847578,15.03280795859243,2.0,255.0
914,RPE-04,1,3,10.908924982145235,7.447148893708901,1.0,255.0
915,RPE-04,1,4,6.596844382100291,6.189222496083986,1.0,153.0
916,RPE-04,1,5,5.607296503983535,6.1145924896659105,1.0,255.0
917,RPE-04,1,6,7.601247979448988,4.53931538669578,1.0,255.0
918,RPE-04,2,1,2.395757823795467,3.1639026180519543,0.0,173.0
919,RPE-04,2,2,13.778260751204057,13.946247847347989,2.0,255.0
920,RPE-04,2,3,11.034016398640421,7.376905638487601,1.0,226.0
921,RPE-04,2,4,7.056639881877156,6.681348046794327,1.0,167.0
922,RPE-04,2,5,5.720649923597064,6.517559636608467,1.0,255.0
923,RPE-04,2,6,7.48762372252229,4.52412328832606,1.0,255.0
924,RPE-04,3,1,2.1816005551718116,2.8820551681779856,0.0,182.0
925,RPE-04,3,2,12.40579605722815,13.18630350850908,1.0,255.0
926,RPE-04,3,3,10.163985622995268,7.402060335362628,1.0,255.0
927,RPE-04,3,4,6.457243632494919,6.37691928458083,1.0,217.0
928,RPE-04,3,5,5.599211399729659,6.310129695047594,0.0,255.0
929,RPE-04,3,6,7.040635358608835,4.554884260216916,1.0,255.0
930,RPE-04,4,1,2.2015649436356184,3.8400182868631525,0.0,255.0
931,RPE-04,4,2,12.176489929100136,12.329340033406064,1.0,255.0
932,RPE-04,4,3,10.293607303074428,7.016572437444845,1.0,255.0
933,RPE-04,4,4,6.186874841714834,5.826353696556857,1.0,158.0
934,RPE-04,4,5,5.670546005298565,6.188120483403687,0.0,255.0
935,RPE-04,4,6,6.931868992842637,4.31400329673605,1.0,255.0
936,RPE-05,1,1,3.151700682454295,4.5040320578129345,1.0,255.0
937,RPE-05,1,2,13.071835994720459,12.144287290193848,1.0,255.0
938,RPE-05,1,3,11.957640895595798,7.0205553850535996,1.0,255.0
939,RPE-05,1,4,7.481171230217079,6.543605619830715,1.0,255.0
940,RPE-05,1,5,4.871622450940021,4.859711355179059,0.0,255.0
941,RPE-05,1,6,6.729699401112346,3.5672079182670844,1.0,255.0
942,RPE-05,2,1,2.794547669299237,4.0017545006854185,1.0,211.0
943,RPE-05,2,2,15.018557517559497,13.833570377639731,1.0,255.0
944,RPE-05,2,3,9.440820049929929,5.635317596378979,1.0,255.0
945,RPE-05,2,4,7.683897179442567,6.685581222568471,1.0,187.0
946,RPE-05,2,5,5.234422522705871,5.400233239501294,0.0,255.0
947,RPE-05,2,6,6.088366588988862,3.2653382290248603,1.0,255.0
948,RPE-05,3,1,3.048957224016066,4.287446411978311,1.0,218.0
949,RPE-05,3,2,13.16246068632448,12.48799640884827,2.0,255.0
950,RPE-05,3,3,12.50020793815712,7.413085184294375,1.0,255.0
951,RPE-05,3,4,7.492140317892099,6.6777385406502825,1.0,223.0
952,RPE-05,3,5,5.194343585472603,5.345188185372605,0.0,255.0
953,RPE-05,3,6,6.886332227038099,3.6883863074490266,1.0,255.0
954,RPE-05,4,1,2.6310077147050337,3.7090096377169703,0.0,178.0
955,RPE-05,4,2,12.688278105351833,11.625019511268905,1.0,255.0
956,RPE-05,4,3,8.6963196605831,4.980348351107826,1.0,255.0
957,RPE-05,4,4,7.140259259706967,6.242935674810581,1.0,158.0
958,RPE-05,4,5,5.193124387171362,5.113431595520805,0.0,255.0
959,RPE-05,4,6,5.627477460093313,2.8948961278825656,1.0,255.0
960,RPE-06,1,1,2.3382106694308193,3.3783289766081612,0.0,226.0
961,RPE-06,1,2,13.88948494428164,13.687402819342942,1.0,255.0
962,RPE-06,1,3,10.52261647311124,6.473564450271854,1.0,255.0
963,RPE-06,1,4,6.760226113455636,6.16895685585444,1.0,169.0
964,RPE-06,1,5,4.511158509687944,4.447849776795748,0.0,255.0
965,RPE-06,1,6,6.855206669151009,3.8335869109285734,1.0,255.0
966,RPE-06,2,1,1.5739708132558055,2.227966176073616,0.0,126.0
967,RPE-06,2,2,13.555334450362565,12.67095762946765,1.0,255.0
968,RPE-06,2,3,9.617267249466536,5.705839648231354,1.0,255.0
969,RPE-06,2,4,7.118985182279117,6.179882647593151,1.0,193.0
970,RPE-06,2,5,4.350554788267457,4.071319035262148,0.0,255.0
971,RPE-06,2,6,6.881547091843246,3.67221786557727,1.0,255.0
972,RPE-06,3,1,2.524696139546184,3.624682995415186,0.0,161.0
973,RPE-06,3,2,14.479929787772042,13.7128298759801,1.0,255.0
974,RPE-06,3,3,10.925692688335072,6.519564456788018,1.0,255.0
975,RPE-06,3,4,7.1615059778287815,6.255484014676795,1.0,171.0
976,RPE-06,3,5,4.454376945247898,4.364386358426829,0.0,255.0
977,RPE-06,3,6,7.18882264719381,3.861896386601925,1.0,255.0
978,RPE-06,4,1,2.3172425356778232,3.3280847201194357,0.0,224.0
979,RPE-06,4,2,13.670425123982616,13.349597294545607,1.0,255.0
980,RPE-06,4,3,10.28201977618329,6.311826792634061,1.0,255.0
981,RPE-06,4,4,6.620264846009094,5.986941123136348,1.0,249.0
982,RPE-06,4,5,4.2415867966490906,4.24890191184653,0.0,255.0
983,RPE-06,4,6,6.6824036759215515,3.72189757522797,1.0,255.0
984,RPE-07,1,1,2.1405205355062114,2.9247146614225956,0.0,167.0
985,RPE-07,1,2,12.773206878018069,13.377370156726409,1.0,255.0
986,RPE-07,1,3,11.614098462191494,7.893294614484303,1.0,255.0
987,RPE-07,1,4,6.542067874561656,6.324039190963093,1.0,141.0
988,RPE-07,1,5,5.973864883571476,6.792816973706082,0.0,255.0
989,RPE-07,1,6,7.650951924262109,4.736130264642353,1.0,255.0
990,RPE-07,2,1,2.217388574179117,3.030967159806866,0.0,154.0
991,RPE-07,2,2,14.154840017293955,15.205386654501368,1.0,255.0
992,RPE-07,2,3,11.166678831174776,7.787469542311017,1.0,255.0
993,RPE-07,2,4,6.30712348764593,6.287967963418556,1.0,160.0
994,RPE-07,2,5,5.274027260867032,5.87663286029285,0.0,255.0
995,RPE-07,2,6,7.625551384764832,4.776411472648867,1.0,255.0
996,RPE-07,3,1,2.143035312751671,2.934799772918199,0.0,142.0
997,RPE-07,3,2,12.18952988958978,13.092102702670708,1.0,255.0
998,RPE-07,3,3,10.896906252031203,7.602400114468276,1.0,255.0
999,RPE-07,3,4,6.317860671452114,6.248160889784119,1.0,255.0
1000,RPE-07,3,5,5.390575675221233,6.163866100015831,0.0,255.0
1001,RPE-07,3,6,7.27433578689377,4.604780051850521,1.0,255.0
1002,RPE-07,4,1,2.535986665007356,3.57565755367087,0.0,184.0
1003,RPE-07,4,2,13.84806133864762,14.725202856290768,1.0,255.0
1004,RPE-07,4,3,12.019257718866522,7.762853709386644,1.0,255.0
1005,RPE-07,4,4,7.183651620691473,6.993273774748212,1.0,176.0
1006,RPE-07,4,5,5.94184685991956,6.663233008329833,0.0,255.0
1007,RPE-07,4,6,7.960024152483259,4.751754864335986,1.0,255.0
1008,RPE-08,1,1,2.179591147930591,3.0814465436498537,0.0,141.0
1009,RPE-08,1,2,12.691294341892391,11.910763943062475,2.0,255.0
1010,RPE-08,1,3,10.07702670778547,7.397586297891643,1.0,255.0
1011,RPE-08,1,4,8.31981475631912,7.511420013370165,1.0,244.0
1012,RPE-08,1,5,1.1234643118722099,1.3123634012219425,0.0,255.0
1013,RPE-08,1,6,6.709695463056688,4.38359223526648,1.0,255.0
1014,RPE-08,2,1,3.0209567701661744,4.209603701835317,1.0,239.0
1015,RPE-08,2,2,15.652893834299855,14.439554677804162,2.0,255.0
1016,RPE-08,2,3,14.614195848440195,10.760531680550839,1.0,255.0
1017,RPE-08,2,4,9.02596563487858,8.013569405163011,1.0,247.0
1018,RPE-08,2,5,1.256481356435008,1.45633505293077,0.0,255.0
1019,RPE-08,2,6,8.311112211896228,5.439779788340698,1.0,255.0
1020,RPE-08,3,1,2.922155795159278,4.055553347791655,1.0,172.0
1021,RPE-08,3,2,18.315500977751498,16.785408382009336,3.0,255.0
1022,RPE-08,3,3,11.962624308350799,8.990564849922654,1.0,255.0
1023,RPE-08,3,4,9.652129551032921,8.506596497786115,1.0,255.0
1024,RPE-08,3,5,1.4090856886529304,1.6433560848262303,0.0,255.0
1025,RPE-08,3,6,8.016674029362665,5.249535889768084,1.0,189.0
1026,RPE-08,4,1,2.273748354478316,3.1584934486879885,0.0,146.0
1027,RPE-08,4,2,12.870694624913202,11.766936377537718,2.0,255.0
1028,RPE-08,4,3,10.192639672911012,7.37955369335313,1.0,190.0
1029,RPE-08,4,4,8.932575857484496,7.895162309324685,1.0,255.0
1030,RPE-08,4,5,1.1714248037957526,1.3220291830937947,0.0,252.0
1031,RPE-08,4,6,7.084986717669995,4.506944182545496,1.0,255.0
1032,RPE-09,1,1,2.7491353889564416,3.653814416090817,0.0,216.0
1033,RPE-09,1,2,14.68088620049613,13.224997276494781,1.0,255.0
1034,RPE-09,1,3,13.598246543438403,7.43334810517725,1.0,255.0
1035,RPE-09,1,4,7.3468757976185195,5.928515463479504,1.0,154.0
1036,RPE-09,1,5,4.743251689068683,4.196503772766217,0.0,255.0
1037,RPE-09,1,6,8.632502010890416,4.218613260888858,1.0,181.0
1038,RPE-09,2,1,2.7403033496887703,3.7394738369509044,0.0,167.0
1039,RPE-09,2,2,14.872200818565803,13.81874390294698,1.0,255.0
1040,RPE-09,2,3,13.867042287190754,7.79716346333549,1.0,255.0
1041,RPE-09,2,4,7.4359584901391,6.237568828284585,1.0,183.0
1042,RPE-09,2,5,5.231191656841495,4.854732962779613,0.0,255.0
1043,RPE-09,2,6,8.853855269517355,4.490594185853582,1.0,255.0
1044,RPE-09,3,1,2.428265249574339,3.2355833098853215,0.0,201.0
1045,RPE-09,3,2,14.641973414978423,13.436411872282193,1.0,255.0
1046,RPE-09,3,3,13.06692495593777,7.486872583233664,1.0,255.0
1047,RPE-09,3,4,6.402045584344244,5.2783499643871705,1.0,205.0
1048,RPE-09,3,5,5.358019636822985,4.7900900335788235,0.0,255.0
1049,RPE-09,3,6,8.543355310118043,4.267642705630999,1.0,255.0
1050,RPE-09,4,1,2.6881043818089867,3.6142364341163438,0.0,186.0
1051,RPE-09,4,2,14.716699247236376,13.233777565537265,1.0,255.0
1052,RPE-09,4,3,14.182174948902873,7.650184918648149,1.0,255.0
1053,RPE-09,4,4,7.383948846296831,5.999498048327353,1.0,201.0
1054,RPE-09,4,5,5.606012926473246,5.164370407160193,0.0,255.0
1055,RPE-09,4,6,9.005547579232749,4.393994090779895,1.0,255.0
1056,RPE-10,1,1,2.678180793663124,3.1136731509690074,1.0,169.0
1057,RPE-10,1,2,15.46437170598414,13.785721559919953,2.0,255.0
1058,RPE-10,1,3,11.178375931529256,7.217977256713402,1.0,255.0
1059,RPE-10,1,4,6.96158656826267,5.733204477433759,1.0,245.0
1060,RPE-10,1,5,3.774287787350741,3.930989040483342,0.0,255.0
1061,RPE-10,1,6,7.667510459949444,4.514943808816249,1.0,255.0
1062,RPE-10,2,1,2.1845528057643344,2.5239182135679736,1.0,132.0
1063,RPE-10,2,2,14.222809550050018,12.8469060446595,2.0,255.0
1064,RPE-10,2,3,10.663429972413299,7.042758954245311,1.0,255.0
1065,RPE-10,2,4,7.181537683908042,5.93661440255188,1.0,255.0
1066,RPE-10,2,5,3.901428693300718,4.233276502546053,0.0,255.0
1067,RPE-10,2,6,7.218663128939542,4.3798519091420465,1.0,255.0
1068,RPE-10,3,1,2.948243085440103,3.4943048851983103,1.0,204.0
1069,RPE-10,3,2,14.535547361745463,13.404825402769806,2.0,255.0
1070,RPE-10,3,3,11.500545501708984,7.504653243086843,1.0,255.0
1071,RPE-10,3,4,7.647775495207155,6.468135505073283,1.0,200.0
1072,RPE-10,3,5,4.132562259574989,4.556280690328321,0.0,255.0
1073,RPE-10,3,6,7.766327207738703,4.680836311919074,1.0,255.0
1074,RPE-10,4,1,2.693872216459993,3.105090664217218,1.0,185.0
1075,RPE-10,4,2,13.420028711294199,11.73216586146281,2.0,255.0
1076,RPE-10,4,3,11.233655780940861,7.063566596279902,1.0,255.0
1077,RPE-10,4,4,7.056595220194234,5.6944222446900765,1.0,162.0
1078,RPE-10,4,5,4.547749067281748,4.7968465043155595,0.0,255.0
1079,RPE-10,4,6,7.6115670328016405,4.382431097961809,1.0,255.0
1080,RPE-11,1,1,1.6984648014369763,2.540709915280025,0.0,159.0
1081,RPE-11,1,2,13.613956376125937,12.75637739091659,1.0,255.0
1082,RPE-11,1,3,11.094878196716309,7.3833437232982115,1.0,255.0
1083,RPE-11,1,4,6.658915036603024,5.859606010694515,1.0,181.0
1084,RPE-11,1,5,4.493185225285981,5.130912953602693,0.0,255.0
1085,RPE-11,1,6,7.418220607857955,4.461344027385773,1.0,255.0
1086,RPE-11,2,1,2.1012086086585873,2.985297857524696,0.0,173.0
1087,RPE-11,2,2,12.238886373551166,12.364381107277861,1.0,255.0
1088,RPE-11,2,3,11.00710039607814,7.868580606286927,1.0,255.0
1089,RPE-11,2,4,6.1375170160512456,5.821751180983212,1.0,218.0
1090,RPE-11,2,5,4.479147213795146,5.130670954600027,0.0,255.0
1091,RPE-11,2,6,7.243983628319913,4.70048807027221,1.0,255.0
1092,RPE-11,3,1,2.4114509719649173,3.474012064177698,0.0,221.0
1093,RPE-11,3,2,13.40340578166488,13.51355403498524,1.0,255.0
1094,RPE-11,3,3,11.402183202357074,8.028997709433467,1.0,255.0
1095,RPE-11,3,4,6.78453868043189,6.455210533983951,1.0,231.0
1096,RPE-11,3,5,4.09814105314367,4.656774461013882,0.0,255.0
1097,RPE-11,3,6,7.580763629838532,4.8937427981698525,1.0,255.0
1098,RPE-11,4,1,2.3604749527988056,3.1507660457296764,0.0,174.0
1099,RPE-11,4,2,14.898277169031813,13.945698956200152,1.0,255.0
1100,RPE-11,4,3,11.903942411309046,7.778572759752012,1.0,255.0
1101,RPE-11,4,4,6.567988812528698,5.761863570716463,1.0,147.0
1102,RPE-11,4,5,4.611099148428203,4.723766903835146,0.0,255.0
1103,RPE-11,4,6,8.11751122506249,4.690519159384565,1.0,255.0
1104,U2OS-01,1,1,7.28165003541228,10.960524412484439,1.0,255.0
1105,U2OS-01,1,2,9.542665518723526,7.712731163563927,1.0,255.0
1106,U2OS-01,1,3,9.398038059085994,5.2175458233394005,1.0,248.0
1107,U2OS-01,1,4,6.869802827958937,5.257843982243999,1.0,155.0
1108,U2OS-01,1,5,2.844854590180632,3.379159719567777,0.0,255.0
1109,U2OS-01,1,6,12.832348526298226,8.228687274617204,2.0,255.0
1110,U2OS-01,2,1,7.640319879952964,11.254901516661546,1.0,255.0
1111,U2OS-01,2,2,10.153770490126176,8.207207938664448,1.0,255.0
1112,U2OS-01,2,3,10.568323308771307,5.832705472386392,1.0,255.0
1113,U2OS-01,2,4,7.388304462680569,5.661311605379488,1.0,245.0
1114,U2OS-01,2,5,3.003798850170978,3.38787350483793,0.0,255.0
1115,U2OS-01,2,6,13.559702322080538,8.590166583361041,2.0,255.0
1116,U2OS-01,3,1,7.5748046156647915,10.997887273701206,1.0,255.0
1117,U2OS-01,3,2,10.176324082659436,7.9093520299781925,1.0,255.0
1118,U2OS-01,3,3,9.956088425277116,5.441829332069358,1.0,255.0
1119,U2OS-01,3,4,7.592898604157683,5.681929101319837,1.0,255.0
1120,U2OS-01,3,5,2.9831094679894385,3.5321967928586635,0.0,255.0
1121,U2OS-01,3,6,13.587677670763684,8.511269976085359,2.0,255.0
1122,U2OS-01,4,1,7.653532387374283,11.108165305369349,1.0,255.0
1123,U2OS-01,4,2,10.501628782842067,8.464609723656835,1.0,255.0
1124,U2OS-01,4,3,10.255311947364312,5.492321532079487,1.0,255.0
1125,U2OS-01,4,4,7.692421510622099,5.871188534544044,1.0,205.0
1126,U2OS-01,4,5,3.2268870898655484,3.690225983576079,0.0,255.0
1127,U2OS-01,4,6,14.319404218103978,9.011020394916864,2.0,255.0
1128,U2OS-02,1,1,10.84770627455278,12.642051033723288,1.0,255.0
1129,U2OS-02,1,2,12.20316101668717,8.373869914170335,1.0,255.0
1130,U2OS-02,1,3,11.835485606998592,5.003372159207339,1.0,232.0
1131,U2OS-02,1,4,9.662341594696045,5.770387830098862,1.0,253.0
1132,U2OS-02,1,5,3.2251489626896848,3.782625995770634,0.0,255.0
1133,U2OS-02,1,6,15.976159715033196,7.594760626519608,1.0,255.0
1134,U2OS-02,2,1,11.639307994347114,13.295241662193632,1.0,255.0
1135,U2OS-02,2,2,12.587428359242228,8.67411505588243,1.0,255.0
1136,U2OS-02,2,3,12.836769450794566,5.452951528740989,1.0,255.0
1137,U2OS-02,2,4,10.095240481488116,6.035447484335022,1.0,255.0
1138,U2OS-02,2,5,3.0531122281953884,3.7657154608527663,0.0,255.0
1139,U2OS-02,2,6,16.723185378235655,8.100763836892073,2.0,255.0
1140,U2OS-02,3,1,10.871031761169434,12.81522567199585,1.0,255.0
1141,U2OS-02,3,2,12.008316454949316,8.378745506921794,1.0,255.0
1142,U2OS-02,3,3,11.468108561131862,4.90161722886426,1.0,255.0
1143,U2OS-02,3,4,9.729529919562403,5.910582289079157,1.0,159.0
1144,U2OS-02,3,5,3.14106255692321,3.786648033956792,0.0,255.0
1145,U2OS-02,3,6,15.917418486112124,7.746762553310314,2.0,255.0
1146,U2OS-02,4,1,11.28542744648921,12.691616766664865,1.0,255.0
1147,U2OS-02,4,2,13.287639518836876,9.028166287742058,1.0,255.0
1148,U2OS-02,4,3,12.95937849020029,5.273642122474039,1.0,255.0
1149,U2OS-02,4,4,10.786224668676203,6.443501061320062,1.0,192.0
1150,U2OS-02,4,5,3.7445397500867967,4.194561435203512,0.0,255.0
1151,U2OS-02,4,6,18.079853286990872,8.447358846927653,2.0,255.0
1152,U2OS-03,1,1,9.172869385062874,12.257564040565828,1.0,255.0
1153,U2OS-03,1,2,12.552620510002235,9.836462803993799,1.0,255.0
1154,U2OS-03,1,3,11.696633493745482,5.958015078211598,1.0,255.0
1155,U2OS-03,1,4,8.891119839309098,6.403546674197919,1.0,255.0
1156,U2OS-03,1,5,2.939756071412718,3.8878847995468737,0.0,255.0
1157,U2OS-03,1,6,13.480756097025685,7.848069024625293,1.0,255.0
1158,U2OS-03,2,1,9.234182165814685,12.44415555356512,1.0,255.0
1159,U2OS-03,2,2,12.89906422503583,10.266634458974583,1.0,255.0
1160,U2OS-03,2,3,11.862401782692253,6.218114304447179,1.0,255.0
1161,U2OS-03,2,4,9.133245468139648,6.705249408468684,1.0,222.0
1162,U2OS-03,2,5,3.00912889257654,4.136155305775017,0.0,255.0
1163,U2OS-03,2,6,13.78642986347149,8.268604126875346,1.0,255.0
1164,U2OS-03,3,1,9.605104873706768,13.113787260912257,1.0,255.0
1165,U2OS-03,3,2,13.882183756147112,11.096424528103089,2.0,255.0
1166,U2OS-03,3,3,11.99952590620363,6.326983137138438,1.0,255.0
1167,U2OS-03,3,4,9.842411332316212,7.275106670824355,1.0,231.0
1168,U2OS-03,3,5,3.2790244399727166,4.408022188317596,0.0,255.0
1169,U2OS-03,3,6,14.806345568074809,8.808829777169963,1.0,255.0
1170,U2OS-03,4,1,8.359418150666473,11.34029338316734,1.0,255.0
1171,U2OS-03,4,2,12.493260891406567,9.896547217297918,1.0,255.0
1172,U2OS-03,4,3,10.824419071147968,5.738693840930938,1.0,255.0
1173,U2OS-03,4,4,8.737163209295892,6.367238273853795,1.0,218.0
1174,U2OS-03,4,5,3.1577162247199517,4.246945941845718,0.0,255.0
1175,U2OS-03,4,6,12.887378376799745,7.488142196557914,1.0,255.0
1176,U2OS-04,1,1,11.09246285550006,11.207518434768742,1.0,255.0
1177,U2OS-04,1,2,56.73625264848982,30.955318081262806,7.0,255.0
1178,U2OS-04,1,3,22.492642706090752,8.089275925841756,3.0,255.0
1179,U2OS-04,1,4,30.279501834473052,15.4115947885465,3.0,255.0
1180,U2OS-04,1,5,28.97030298431198,15.74732085724477,3.0,255.0
1181,U2OS-04,1,6,26.815365487878974,11.78957643699654,4.0,255.0
1182,U2OS-04,2,1,10.219674259037166,10.585278616422306,1.0,255.0
1183,U2OS-04,2,2,54.8679696120225,30.57818540449279,8.0,255.0
1184,U2OS-04,2,3,21.62037061096786,7.740293634119962,3.0,255.0
1185,U2OS-04,2,4,28.56203078604364,14.83265092437807,3.0,255.0
1186,U2OS-04,2,5,28.528412565008388,15.56053887320401,3.0,255.0
1187,U2OS-04,2,6,25.851487004911746,11.469610440718313,4.0,255.0
1188,U2OS-04,3,1,10.661187642580503,11.142617772218571,1.0,255.0
1189,U2OS-04,3,2,53.33761505647139,30.096057841441635,8.0,255.0
1190,U2OS-04,3,3,21.355552555678727,7.840933270370671,3.0,255.0
1191,U2OS-04,3,4,28.113278605721213,15.014402009925268,3.0,255.0
1192,U2OS-04,3,5,28.82781357579417,15.85337095004918,4.0,255.0
1193,U2OS-04,3,6,24.850327826165532,11.354221509025532,4.0,255.0
1194,U2OS-04,4,1,10.67430932181222,10.889716708770706,1.0,255.0
1195,U2OS-04,4,2,57.100789039165946,30.891559570429983,9.0,255.0
1196,U2OS-04,4,3,21.34874442955116,7.614297659945197,3.0,255.0
1197,U2OS-04,4,4,30.04803554733078,15.414099691631158,4.0,255.0
1198,U2OS-04,4,5,29.269430042861345,16.019592219355353,3.0,255.0
1199,U2OS-04,4,6,25.454753615639426,11.333397174996787,4.0,255.0
1200,U2OS-05,1,1,3.7115697954521805,5.400514650121274,0.0,223.0
1201,U2OS-05,1,2,10.350568615022253,8.391639662820117,1.0,255.0
1202,U2OS-05,1,3,7.681289172563397,4.299853380823609,1.0,255.0
1203,U2OS-05,1,4,6.408142264944608,4.907398942220389,0.0,214.0
1204,U2OS-05,1,5,4.1086857404865205,4.472683489900174,0.0,255.0
1205,U2OS-05,1,6,6.266566192126665,3.4059427237975335,1.0,255.0
1206,U2OS-05,2,1,4.439015166485896,6.807359442050713,0.0,249.0
1207,U2OS-05,2,2,9.437120024884333,7.984377378477224,1.0,255.0
1208,U2OS-05,2,3,7.593683230290647,4.42997629263227,1.0,255.0
1209,U2OS-05,2,4,5.998760048287814,4.755788428965082,0.0,239.0
1210,U2OS-05,2,5,3.750533757444288,4.311083867684739,0.0,255.0
1211,U2OS-05,2,6,6.1627484368496255,3.4193884690979117,1.0,255.0
1212,U2OS-05,3,1,4.784639019715159,6.883314663591668,0.0,249.0
1213,U2OS-05,3,2,11.463539983096876,9.40983982797162,1.0,255.0
1214,U2OS-05,3,3,8.108230170450712,4.691466159686591,1.0,255.0
1215,U2OS-05,3,4,6.383876204490662,4.868881317586645,0.0,190.0
1216,U2OS-05,3,5,3.835631910123323,4.4845814902880266,0.0,255.0
1217,U2OS-05,3,6,6.821972489356995,3.6808492899570844,1.0,255.0
1218,U2OS-05,4,1,5.298139609542548,7.984298963162957,0.0,255.0
1219,U2OS-05,4,2,10.346834488164365,8.745266684594549,1.0,255.0
1220,U2OS-05,4,3,7.869198206982581,4.630958579129967,1.0,255.0
1221,U2OS-05,4,4,6.624791550480462,5.254278639758684,0.0,255.0
1222,U2OS-05,4,5,3.5602389254601174,4.306044654691445,0.0,255.0
1223,U2OS-05,4,6,6.4055736516815385,3.647123296113467,1.0,255.0
